source_relative_to_database,skill_relative,sha256,bytes,duplicate,inspection,pages,opening_text
CHNS/官方材料/变量说明/asset_12.pdf,材料/CHNS/官方材料/变量说明/asset_12.pdf,d94242049b5b9b8a82f3aabd8b5059190c6fa0529e5c49a0df5937d10730ce77,222888,False,PDF可打开；首页可提取文本,30,"DATA SET: asset_12 LABEL: CHNS Household Assets 1989-2015 DATE CREATED: 01MAY18:15:12:51 11:29 Tuesday, May 1, 2018 1 Number of Observations: 44521 Number of Variables: 274 Organization of file: 1 Observation Household/Year (HHID/WAVE) Variable Name Variable Label (VAR) VAR Type VAR Format VAR Length Mean Range of Values Frequency Category Frequency Percent HHID HOUSEHOLD ID Num 8 379694342 111101001 to 552304161 44521 100.00 44521 100.00 COMMID COMMUNITY ID: T1-T4 Num 8 379694.315 111101-552304 44521 100.00 44521 100.00 WAVE SURVEY YEAR Num YR 8 2002.94946 1989 1989 3795 8.52 1991 1991 3619 8.13 1993 1993 3456 7.76 1997 1997 3875 8.70 2000 2"
CHNS/官方材料/变量说明/birth_12.pdf,材料/CHNS/官方材料/变量说明/birth_12.pdf,e3c767f0a80e6a79e8ad94b9f5560b2f414fe4b610487ad4b5da3315628544ce,139301,False,PDF可打开；首页可提取文本,3,"China Health and Nutrition Study (CHNS) Birth History File (birth_12) 1991-1993, 2000-2015 15:16 Tuesday, May 1, 2018 1 DATA SET: birth_12 LABEL: CHNS Birth History File 1991-1993, 2000-2015 DATE CREATED: 01MAY18:15:18:57 Number of Observations: 63846 Number of Variables: 16 Organization of file: 1 Observation Mother/Child/Year (IDIND_M/IDIND_C/WAVE) China Health and Nutrition Study (CHNS) Birth History File (birth_12) 1991-1993, 2000-2015 15:16 Tuesday, May 1, 2018 1 DATA SET: birth_12 LABEL: CHNS Birth History File 1991-1993, 2000-2015 DATE CREATED: 01MAY18:15:18:57 Number of Observations: 63846 Number of Variables: 16 Organization of file:"
CHNS/官方材料/变量说明/birthmast_pub_12.pdf,材料/CHNS/官方材料/变量说明/birthmast_pub_12.pdf,b109ec8527e28b532ba5d51731342f29ccf6c1528522d6f6c8ae639500fa6252,134910,False,PDF可打开；首页可提取文本,2,"China Health and Nutrition Study (CHNS) Birth History Individual ID File (birthmast_pub_12) through 2015 15:16 Tuesday, May 1, 2018 1 DATA SET: birthmast_pub_12 LABEL: CHNS Birth History Individual ID File through 2015 DATE CREATED: 01MAY18:16:40:52 Number of Observations: 14656 Number of Variables: 8 Organization of file: 1 Observation Birth (IDIND_C) China Health and Nutrition Study (CHNS) Birth History Individual ID File (birthmast_pub_12) through 2015 15:16 Tuesday, May 1, 2018 1 DATA SET: birthmast_pub_12 LABEL: CHNS Birth History Individual ID File through 2015 DATE CREATED: 01MAY18:16:40:52 Number of Observations: 14656 Number of Varia"
CHNS/官方材料/变量说明/busi_12.pdf,材料/CHNS/官方材料/变量说明/busi_12.pdf,2e538a1909553f36672aa088fc3329b9c4ee0ae28fe94d8f40ed311e54715eff,141046,False,PDF可打开；首页可提取文本,4,"China Health and Nutrition Study (CHNS) Individual Business Income (BUSI_12) 1989-2015 15:16 Tuesday, May 1, 2018 1 DATA SET: busi_12 LABEL: CHNS Individual Small Business 1989-2015 DATE CREATED: 01MAY18:15:23:29 Number of Observations: 9945 Number of Variables: 18 Organization of file: 1 Observation per person/year/business (IDIND/WAVE/H2) China Health and Nutrition Study (CHNS) Individual Business Income (BUSI_12) 1989-2015 15:16 Tuesday, May 1, 2018 1 DATA SET: busi_12 LABEL: CHNS Individual Small Business 1989-2015 DATE CREATED: 01MAY18:15:23:29 Number of Observations: 9945 Number of Variables: 18 Organization of file: 1 Observation per p"
CHNS/官方材料/变量说明/busn_12.pdf,材料/CHNS/官方材料/变量说明/busn_12.pdf,4831af4ada576175e7f67d0a725acef74d1c61405829c69f808ea5787228a19b,139739,False,PDF可打开；首页可提取文本,4,"China Health and Nutrition Study (CHNS) Household Small busnness Income (BUSN_12) 1989-2011 15:16 Tuesday, May 1, 2018 1 DATA SET: busn_12 LABEL: CHNS Household Small busnness Income 1989-2011 DATE CREATED: 01MAY18:15:27:25 Number of Observations: 7754 Number of Variables: 14 Organization of file: 1 Observation per Household/Year/busnness (HHID/WAVE/HHBUSNUM) China Health and Nutrition Study (CHNS) Household Small busnness Income (BUSN_12) 1989-2011 15:16 Tuesday, May 1, 2018 1 DATA SET: busn_12 LABEL: CHNS Household Small busnness Income 1989-2011 DATE CREATED: 01MAY18:15:27:25 Number of Observations: 7754 Number of Variables: 14 Organizatio"
CHNS/官方材料/变量说明/c12diet.pdf,材料/CHNS/官方材料/变量说明/c12diet.pdf,64862ac065fb94b06d4ad3e80f24df29b3686613fc65d6d36c8974948d69aac5,136107,False,PDF可打开；首页可提取文本,3,"China Health and Nutrition Study (CHNS) Household Food Inventory (nutr1_00) 1989-2011 19:48 Wednesday, October 8, 2014 1 DATA SET: c12diet LABEL: CHNS Constructed Dietary Value(c12diet) 1989-2011 DATE CREATED: 09OCT14:16:13:17 Number of Observations: 102575 Number of Variables: 14 Organization of file: 1 Observation Individual/Year (IDind/WAVE) China Health and Nutrition Study (CHNS) Household Food Inventory (nutr1_00) 1989-2011 19:48 Wednesday, October 8, 2014 1 DATA SET: c12diet LABEL: CHNS Constructed Dietary Value(c12diet) 1989-2011 DATE CREATED: 09OCT14:16:13:17 Number of Observations: 102575 Number of Variables: 14 Organization of file:"
CHNS/官方材料/变量说明/carec_12.pdf,材料/CHNS/官方材料/变量说明/carec_12.pdf,05af4378f656b5b8ae4129d5eac363b31b0241bda7d324f985577ed7af456cb6,144315,False,PDF可打开；首页可提取文本,5,"China Health and Nutrition Study (CHNS) Individual Child Care File (CAREC_12) 1989-2015 15:16 Tuesday, May 1, 2018 1 DATA SET: carec_12 LABEL: CHNS Individual Child Care File 1989-2015 DATE CREATED: 01MAY18:15:28:33 Number of Observations: 7961 Number of Variables: 25 Organization of file: 1 Observation Person/Year (IDIND/WAVE) China Health and Nutrition Study (CHNS) Individual Child Care File (CAREC_12) 1989-2015 15:16 Tuesday, May 1, 2018 1 DATA SET: carec_12 LABEL: CHNS Individual Child Care File 1989-2015 DATE CREATED: 01MAY18:15:28:33 Number of Observations: 7961 Number of Variables: 25 Organization of file: 1 Observation Person/Year (ID"
CHNS/官方材料/变量说明/careh_00.pdf,材料/CHNS/官方材料/变量说明/careh_00.pdf,a908b701d8f0673244de890ed6a5b1113fd61295ff58160ee8710dc9adddb9d5,146993,False,PDF可打开；首页可提取文本,5,"China Health and Nutrition Study (CHNS) Household Child Care (CAREH_00) 1991-2006 09:22 Thursday, February 27, 2014 1 DATA SET: careh_00 LABEL: CHNS Household Child Care 1991-2006 DATE CREATED: 27FEB14:09:34:29 Number of Observations: 3172 Number of Variables: 43 Organization of file: 1 Observation Household/Year (HHID/WAVE) China Health and Nutrition Study (CHNS) Household Child Care (CAREH_00) 1991-2006 09:22 Thursday, February 27, 2014 1 DATA SET: careh_00 LABEL: CHNS Household Child Care 1991-2006 DATE CREATED: 27FEB14:09:34:29 Number of Observations: 3172 Number of Variables: 43 Organization of file: 1 Observation Household/Year (HHID/WA"
CHNS/官方材料/变量说明/cropt_00.pdf,材料/CHNS/官方材料/变量说明/cropt_00.pdf,c12b248267e2e9abed2d832319fae5d53fdd5313e0430c56829ace45961223b6,143964,False,PDF可打开；首页可提取文本,4,"China Health and Nutrition Study (CHNS) Household CROP File (CROPT_00) 1989-1997 09:22 Thursday, February 27, 2014 1 DATA SET: cropt_00 LABEL: CHNS Household Crop File 1989-1997 DATE CREATED: 27FEB14:09:51:34 Number of Observations: 21542 Number of Variables: 30 Organization of file: 1 Observation Household/Year/CROP Type (HHID/WAVE/E11) China Health and Nutrition Study (CHNS) Household CROP File (CROPT_00) 1989-1997 09:22 Thursday, February 27, 2014 1 DATA SET: cropt_00 LABEL: CHNS Household Crop File 1989-1997 DATE CREATED: 27FEB14:09:51:34 Number of Observations: 21542 Number of Variables: 30 Organization of file: 1 Observation Household/Y"
CHNS/官方材料/变量说明/dataset relationship.pdf,材料/CHNS/官方材料/变量说明/dataset relationship.pdf,3523e4e6448061bddba3b52b03422e25c362ef2e4e347d1d84211790168240af,175620,False,PDF可打开；首页无可提取文本，待按需OCR,1,
CHNS/官方材料/变量说明/educ_12.pdf,材料/CHNS/官方材料/变量说明/educ_12.pdf,23606c5516119fa79a923cc628ca44cba6d63f3c64ec8f0e6524c8aaa4c5b649,144784,False,PDF可打开；首页可提取文本,5,"China Health and Nutrition Study (CHNS) Individual Education File (educ_12) 1989-2015 15:16 Tuesday, May 1, 2018 1 DATA SET: educ_12 LABEL: Individual Education File 1989-2015 DATE CREATED: 01MAY18:15:29:55 Number of Observations: 134256 Number of Variables: 17 Organization of file: 1 Observation Person/Year (IDIND/WAVE) China Health and Nutrition Study (CHNS) Individual Education File (educ_12) 1989-2015 15:16 Tuesday, May 1, 2018 1 DATA SET: educ_12 LABEL: Individual Education File 1989-2015 DATE CREATED: 01MAY18:15:29:55 Number of Observations: 134256 Number of Variables: 17 Organization of file: 1 Observation Person/Year (IDIND/WAVE) Vari"
CHNS/官方材料/变量说明/emw_12.pdf,材料/CHNS/官方材料/变量说明/emw_12.pdf,93c3d3a4fdce7f4ee3df892ac9b43ebac10a0212f63e026b2aa90de262e6d036,164115,False,PDF可打开；首页可提取文本,11,"China Health and Nutrition Study (CHNS) CHNS Individual Ever Married Women File (emw_12) 1991-2015 15:16 Tuesday, May 1, 2018 1 DATA SET: emw_12 LABEL: CHNS Individual Ever Married Women File 1991-2015 DATE CREATED: 01MAY18:15:31:19 Number of Observations: 26616 Number of Variables: 60 Organization of file: 1 Observation Woman/Year (IDIND/WAVE) China Health and Nutrition Study (CHNS) CHNS Individual Ever Married Women File (emw_12) 1991-2015 15:16 Tuesday, May 1, 2018 1 DATA SET: emw_12 LABEL: CHNS Individual Ever Married Women File 1991-2015 DATE CREATED: 01MAY18:15:31:19 Number of Observations: 26616 Number of Variables: 60 Organization of "
CHNS/官方材料/变量说明/en_00.pdf,材料/CHNS/官方材料/变量说明/en_00.pdf,a504f877650788c2e584381398ed98894e142027a7f6dbc1901208423638f1c1,153064,False,PDF可打开；首页可提取文本,7,"China Health and Nutrition Study (CHNS) Individual Energy(CALTRAC) File (en_00) 1997-2000 09:22 Thursday, February 27, 2014 1 DATA SET: en_00 LABEL: CHNS Individual Energy/CALTRAC File 1997-2000 DATE CREATED: 27FEB14:10:18:06 Number of Observations: 1109 Number of Variables: 55 Organization of file: 1 Observation Individual/Year (IDIND/WAVE) China Health and Nutrition Study (CHNS) Individual Energy(CALTRAC) File (en_00) 1997-2000 09:22 Thursday, February 27, 2014 1 DATA SET: en_00 LABEL: CHNS Individual Energy/CALTRAC File 1997-2000 DATE CREATED: 27FEB14:10:18:06 Number of Observations: 1109 Number of Variables: 55 Organization of file: 1 Obs"
CHNS/官方材料/变量说明/farmg_12.pdf,材料/CHNS/官方材料/变量说明/farmg_12.pdf,bb3e38e84c46989f739485fadf6e135db110dd331534d2a6b62fe0f2e087caaa,146367,False,PDF可打开；首页可提取文本,5,"China Health and Nutrition Study (CHNS) Farm and Garding Income File (farmg_12) 1989-2015 15:16 Tuesday, May 1, 2018 1 DATA SET: farmg_12 LABEL: CHNS Individual Farm/Gardfarmg File 1989-2015 DATE CREATED: 01MAY18:15:32:24 Number of Observations: 42874 Number of Variables: 29 Organization of file: 1 Observation Individual/Year (IDIND/WAVE) China Health and Nutrition Study (CHNS) Farm and Garding Income File (farmg_12) 1989-2015 15:16 Tuesday, May 1, 2018 1 DATA SET: farmg_12 LABEL: CHNS Individual Farm/Gardfarmg File 1989-2015 DATE CREATED: 01MAY18:15:32:24 Number of Observations: 42874 Number of Variables: 29 Organization of file: 1 Observati"
CHNS/官方材料/变量说明/farmh_12.pdf,材料/CHNS/官方材料/变量说明/farmh_12.pdf,85c7cd47df78d831727e80b2294844305e6bb43928e277c38a6b529317a37788,141954,False,PDF可打开；首页可提取文本,4,"China Health and Nutrition Study (CHNS) Household Farming File (farmh_12) 1991-2015 15:16 Tuesday, May 1, 2018 1 DATA SET: farmh_12 LABEL: CHNS Household Farming File 1991-2015 DATE CREATED: 01MAY18:15:33:37 Number of Observations: 16529 Number of Variables: 23 Organization of file: 1 Observation Household/Year (HHID/WAVE) China Health and Nutrition Study (CHNS) Household Farming File (farmh_12) 1991-2015 15:16 Tuesday, May 1, 2018 1 DATA SET: farmh_12 LABEL: CHNS Household Farming File 1991-2015 DATE CREATED: 01MAY18:15:33:37 Number of Observations: 16529 Number of Variables: 23 Organization of file: 1 Observation Household/Year (HHID/WAVE) "
CHNS/官方材料/变量说明/fishh_12.pdf,材料/CHNS/官方材料/变量说明/fishh_12.pdf,e8bc49f57d821337c6a0087a10de6f7476a1d4a9eecdadeb623e24bd1babd32f,142828,False,PDF可打开；首页可提取文本,4,"China Health and Nutrition Study (CHNS) Household Fishing File (fishh_12) 1989-2015 15:16 Tuesday, May 1, 2018 1 DATA SET: fishh_12 LABEL: CHNS Household Fishing File 1989-2015 DATE CREATED: 01MAY18:15:34:39 Number of Observations: 816 Number of Variables: 22 Organization of file: 1 Observation Household/Year (HHID/WAVE) China Health and Nutrition Study (CHNS) Household Fishing File (fishh_12) 1989-2015 15:16 Tuesday, May 1, 2018 1 DATA SET: fishh_12 LABEL: CHNS Household Fishing File 1989-2015 DATE CREATED: 01MAY18:15:34:39 Number of Observations: 816 Number of Variables: 22 Organization of file: 1 Observation Household/Year (HHID/WAVE) Vari"
CHNS/官方材料/变量说明/fishi_12.pdf,材料/CHNS/官方材料/变量说明/fishi_12.pdf,120b6f62f20af29c34eb47648c04fa9ce929577c1332526b7324f9a036f2a338,143573,False,PDF可打开；首页可提取文本,4,"China Health and Nutrition Study (CHNS) Individual Fishing File (fishi_12) 1989-2015 15:16 Tuesday, May 1, 2018 1 DATA SET: fishi_12 LABEL: CHNS Individual Fishing Income File 1989-2015 DATE CREATED: 01MAY18:15:35:29 Number of Observations: 1016 Number of Variables: 23 Organization of file: 1 Observation per individual/year (IDIND/WAVE) China Health and Nutrition Study (CHNS) Individual Fishing File (fishi_12) 1989-2015 15:16 Tuesday, May 1, 2018 1 DATA SET: fishi_12 LABEL: CHNS Individual Fishing Income File 1989-2015 DATE CREATED: 01MAY18:15:35:29 Number of Observations: 1016 Number of Variables: 23 Organization of file: 1 Observation per i"
CHNS/官方材料/变量说明/foods_00.pdf,材料/CHNS/官方材料/变量说明/foods_00.pdf,71a01047345cd1c0cdf47210f3dc4d82691127cf9431edd2c3e4f08b6aeb9922,143396,False,PDF可打开；首页可提取文本,4,"China Health and Nutrition Study (CHNS) Household Food Sources File (foods_00) 1991-1997 09:22 Thursday, February 27, 2014 1 DATA SET: foods_00 LABEL: CHNS Household Food Sources File 1991-1997 DATE CREATED: 27FEB14:10:44:45 Number of Observations: 75386 Number of Variables: 21 Organization of file: 1 Observation Household/Food Item/Year (HHID/V5/WAVE) China Health and Nutrition Study (CHNS) Household Food Sources File (foods_00) 1991-1997 09:22 Thursday, February 27, 2014 1 DATA SET: foods_00 LABEL: CHNS Household Food Sources File 1991-1997 DATE CREATED: 27FEB14:10:44:45 Number of Observations: 75386 Number of Variables: 21 Organization of "
CHNS/官方材料/变量说明/gardh_12.pdf,材料/CHNS/官方材料/变量说明/gardh_12.pdf,2225960d0ce0fd86207f0aed17c0d9eaaa0f43a25a8853988d6749b8e43596c5,141791,False,PDF可打开；首页可提取文本,4,"China Health and Nutrition Study (CHNS) Household Gardening File (gardh_12) 1989-2015 15:16 Tuesday, May 1, 2018 1 DATA SET: gardh_12 LABEL: CHNS Household Gardening File 1989-2015 DATE CREATED: 01MAY18:15:36:20 Number of Observations: 18334 Number of Variables: 16 Organization of file: 1 Observation Household/Year (HHID/WAVE) China Health and Nutrition Study (CHNS) Household Gardening File (gardh_12) 1989-2015 15:16 Tuesday, May 1, 2018 1 DATA SET: gardh_12 LABEL: CHNS Household Gardening File 1989-2015 DATE CREATED: 01MAY18:15:36:20 Number of Observations: 18334 Number of Variables: 16 Organization of file: 1 Observation Household/Year (HHI"
CHNS/官方材料/变量说明/hlth_12.pdf,材料/CHNS/官方材料/变量说明/hlth_12.pdf,80b9794b073194fd5855ac33af6dcd2e7c13f0686e378daeee6a1be9a807ad60,174552,False,PDF可打开；首页可提取文本,15,"China Health and Nutrition Study (CHNS) Individual Health Care File (hlth_12) 1989-2015 15:16 Tuesday, May 1, 2018 1 DATA SET: hlth_12 LABEL: CHNS Individual Health Care File 1989-2015 DATE CREATED: 01MAY18:15:52:31 Number of Observations: 127761 Number of Variables: 78 Organization of file: 1 Observation Person/Year (IDIND/WAVE) China Health and Nutrition Study (CHNS) Individual Health Care File (hlth_12) 1989-2015 15:16 Tuesday, May 1, 2018 1 DATA SET: hlth_12 LABEL: CHNS Individual Health Care File 1989-2015 DATE CREATED: 01MAY18:15:52:31 Number of Observations: 127761 Number of Variables: 78 Organization of file: 1 Observation Person/Year"
CHNS/官方材料/变量说明/infed_00.pdf,材料/CHNS/官方材料/变量说明/infed_00.pdf,4515c1f0ba2a78e417b27f689d11185fe12f94931ed7299d905a475f6170ff9d,138205,False,PDF可打开；首页可提取文本,3,"China Health and Nutrition Study (CHNS) Infant Feeding File (infed_00) 1989-1993 09:22 Thursday, February 27, 2014 1 DATA SET: infed_00 LABEL: CHNS Infant Feeding File 1989-1993 DATE CREATED: 27FEB14:11:27:39 Number of Observations: 5339 Number of Variables: 13 Organization of file: 1 Observation Woman/Year/Infant Food (IDIND/WAVE/S102) China Health and Nutrition Study (CHNS) Infant Feeding File (infed_00) 1989-1993 09:22 Thursday, February 27, 2014 1 DATA SET: infed_00 LABEL: CHNS Infant Feeding File 1989-1993 DATE CREATED: 27FEB14:11:27:39 Number of Observations: 5339 Number of Variables: 13 Organization of file: 1 Observation Woman/Year/In"
CHNS/官方材料/变量说明/infnt_00.pdf,材料/CHNS/官方材料/变量说明/infnt_00.pdf,bda432fcdec9cfacce5f88d30a0bb83c472432734855dffb744032fa60deb422,139509,False,PDF可打开；首页可提取文本,3,"China Health and Nutrition Study (CHNS) Infant Feeding Survey (infnt_00) 1989 09:22 Thursday, February 27, 2014 1 DATA SET: infnt_00 LABEL: CHNS Infant/Toddler Feeding File 1989 DATE CREATED: 27FEB14:12:18:00 Number of Observations: 1822 Number of Variables: 16 Organization of file: 1 Observation Child (IDIND) China Health and Nutrition Study (CHNS) Infant Feeding Survey (infnt_00) 1989 09:22 Thursday, February 27, 2014 1 DATA SET: infnt_00 LABEL: CHNS Infant/Toddler Feeding File 1989 DATE CREATED: 27FEB14:12:18:00 Number of Observations: 1822 Number of Variables: 16 Organization of file: 1 Observation Child (IDIND) Variable Name Variable Lab"
CHNS/官方材料/变量说明/ins_12.pdf,材料/CHNS/官方材料/变量说明/ins_12.pdf,5ee8f6357af56daddcf453a4fca029adc23ba8d7a08976e825d3f4988e3ec536,155680,False,PDF可打开；首页可提取文本,8,"China Health and Nutrition Study (CHNS) Individual Medical Insurance File (ins_12) 1989-2015 15:16 Tuesday, May 1, 2018 1 DATA SET: ins_12 LABEL: CHNS Individual Medical Insurance File 1989-2015 DATE CREATED: 01MAY18:15:53:48 Number of Observations: 128728 Number of Variables: 52 Organization of file: 1 Observation Person/Year (IDIND/WAVE) China Health and Nutrition Study (CHNS) Individual Medical Insurance File (ins_12) 1989-2015 15:16 Tuesday, May 1, 2018 1 DATA SET: ins_12 LABEL: CHNS Individual Medical Insurance File 1989-2015 DATE CREATED: 01MAY18:15:53:48 Number of Observations: 128728 Number of Variables: 52 Organization of file: 1 Obs"
CHNS/官方材料/变量说明/jobs_12.pdf,材料/CHNS/官方材料/变量说明/jobs_12.pdf,e5ab5557bc13c6d85526153ae91b57b965b04a61ebefe38d4eacdd6e5cb36e8f,156963,False,PDF可打开；首页可提取文本,9,"China Health and Nutrition Study (CHNS) Individual Jobs File (jobs_12) 1989-2015 15:16 Tuesday, May 1, 2018 1 DATA SET: jobs_12 LABEL: CHNS Individual Jobs File 1989-2015 DATE CREATED: 01MAY18:15:54:43 Number of Observations: 117227 Number of Variables: 31 Organization of file: 1 Observation Person/Year (IDIND/WAVE) China Health and Nutrition Study (CHNS) Individual Jobs File (jobs_12) 1989-2015 15:16 Tuesday, May 1, 2018 1 DATA SET: jobs_12 LABEL: CHNS Individual Jobs File 1989-2015 DATE CREATED: 01MAY18:15:54:43 Number of Observations: 117227 Number of Variables: 31 Organization of file: 1 Observation Person/Year (IDIND/WAVE) Variable Name "
CHNS/官方材料/变量说明/liveh_12.pdf,材料/CHNS/官方材料/变量说明/liveh_12.pdf,3d0a61e2894711c456e7bbae97cbfce3c1d705c81a5a5fa86e16c6264bfceaf8,138299,False,PDF可打开；首页可提取文本,3,"China Health and Nutrition Study (CHNS) Household Livestock File (liveh_12) 1991-2015 15:16 Tuesday, May 1, 2018 1 DATA SET: liveh_12 LABEL: CHNS Household Livestock 1991-2015 DATE CREATED: 01MAY18:15:56:00 Number of Observations: 12474 Number of Variables: 13 Organization of file: 1 Observation Household/Year (HHID/WAVE) China Health and Nutrition Study (CHNS) Household Livestock File (liveh_12) 1991-2015 15:16 Tuesday, May 1, 2018 1 DATA SET: liveh_12 LABEL: CHNS Household Livestock 1991-2015 DATE CREATED: 01MAY18:15:56:00 Number of Observations: 12474 Number of Variables: 13 Organization of file: 1 Observation Household/Year (HHID/WAVE) Va"
CHNS/官方材料/变量说明/livei_12.pdf,材料/CHNS/官方材料/变量说明/livei_12.pdf,029019b60cc7bac04786f9a9a94d3bb0a8c64123935eb9d73ca633dda26741b1,143468,False,PDF可打开；首页可提取文本,4,"China Health and Nutrition Study (CHNS) Individual Livestock Income File (livei_12) 1989-2015 15:16 Tuesday, May 1, 2018 1 DATA SET: livei_12 LABEL: CHNS Individual Livestock Income 1989-2015 DATE CREATED: 01MAY18:15:56:47 Number of Observations: 20409 Number of Variables: 22 Organization of file: 1 Observation Person/Year (IDIND/WAVE) China Health and Nutrition Study (CHNS) Individual Livestock Income File (livei_12) 1989-2015 15:16 Tuesday, May 1, 2018 1 DATA SET: livei_12 LABEL: CHNS Individual Livestock Income 1989-2015 DATE CREATED: 01MAY18:15:56:47 Number of Observations: 20409 Number of Variables: 22 Organization of file: 1 Observation"
CHNS/官方材料/变量说明/livet_12.pdf,材料/CHNS/官方材料/变量说明/livet_12.pdf,a289df8efa0a9fdfc7563e80918d197ff1db4d98de745e3cb24f19c2c24bf9da,145155,False,PDF可打开；首页可提取文本,5,"China Health and Nutrition Study (CHNS) Household Livestock Type (livet_12) 1989-2015 15:16 Tuesday, May 1, 2018 1 DATA SET: livet_12 LABEL: CHNS Household Livestock Type 1989-2015 DATE CREATED: 01MAY18:15:57:42 Number of Observations: 25249 Number of Variables: 24 Organization of file: 1 Observation Household/Year/Livestock Number (HHID/WAVE/F11) China Health and Nutrition Study (CHNS) Household Livestock Type (livet_12) 1989-2015 15:16 Tuesday, May 1, 2018 1 DATA SET: livet_12 LABEL: CHNS Household Livestock Type 1989-2015 DATE CREATED: 01MAY18:15:57:42 Number of Observations: 25249 Number of Variables: 24 Organization of file: 1 Observatio"
CHNS/官方材料/变量说明/mast_pub_12.pdf,材料/CHNS/官方材料/变量说明/mast_pub_12.pdf,c40f0fdd38ff46db25f6c97522c317c495022fd9ec3321c4f37b2e50a32dad38,137524,False,PDF可打开；首页可提取文本,3,"China Health and Nutrition Study (CHNS) Master Individual ID File (MAST_pub_12) 1989-2015 11:47 Monday, August 19, 2019 1 DATA SET: MAST_pub_12 LABEL: CHNS Master Individual ID File through 2015 DATE CREATED: 19AUG19:13:00:02 Number of Observations: 44453 Number of Variables: 12 Organization of file: 1 Obs per Respondent (IDind) Variable Name Variable Label (VAR) VAR Type VAR Format VAR Length Mean Range of Values Frequency Category Frequency Percent DOD_Y Date of Death,YYYY Num 8 1999.08467 -998-2015 2303 5.18 2303 5.18 MOON_DOB Lunar Date of Birth, YYYYMMDD Num 8 19696727.3 18980112 to 20150829 44419 99.92 44419 99.92 WEST_DOB Western Date "
CHNS/官方材料/变量说明/media_00.pdf,材料/CHNS/官方材料/变量说明/media_00.pdf,dbbcd7f5f0da091c57d6376de6f68bb66d80fcc2121d45595847d733b63b4cf7,150912,False,PDF可打开；首页可提取文本,7,"China Health and Nutrition Study (CHNS) EMW MASS MEDIA File (media_00) 2000-2011 09:22 Thursday, February 27, 2014 1 DATA SET: media_00 LABEL: CHNS EMW MASS MEDIA File 2000-2011 DATE CREATED: 27FEB14:13:45:44 Number of Observations: 7283 Number of Variables: 34 Organization of file: 1 Observation Woman/Year (IDIND/WAVE) China Health and Nutrition Study (CHNS) EMW MASS MEDIA File (media_00) 2000-2011 09:22 Thursday, February 27, 2014 1 DATA SET: media_00 LABEL: CHNS EMW MASS MEDIA File 2000-2011 DATE CREATED: 27FEB14:13:45:44 Number of Observations: 7283 Number of Variables: 34 Organization of file: 1 Observation Woman/Year (IDIND/WAVE) Variab"
CHNS/官方材料/变量说明/medsv_00.pdf,材料/CHNS/官方材料/变量说明/medsv_00.pdf,261b3d71e97e1f161cb5db1f92ad80a90cf1a79086d8f08c7af3e53601b6d7c3,145610,False,PDF可打开；首页可提取文本,5,"China Health and Nutrition Study (CHNS) Household Medical Facilities (medsv_00) 1989-2006 09:22 Thursday, February 27, 2014 1 DATA SET: medsv_00 LABEL: CHNS Household Medical Facilities File 1989-2006 DATE CREATED: 27FEB14:13:55:28 Number of Observations: 44995 Number of Variables: 19 Organization of file: 1 Observation Household/Health Facility/Year (HHID/M12/WAVE) China Health and Nutrition Study (CHNS) Household Medical Facilities (medsv_00) 1989-2006 09:22 Thursday, February 27, 2014 1 DATA SET: medsv_00 LABEL: CHNS Household Medical Facilities File 1989-2006 DATE CREATED: 27FEB14:13:55:28 Number of Observations: 44995 Number of Variables"
CHNS/官方材料/变量说明/oinc_12.pdf,材料/CHNS/官方材料/变量说明/oinc_12.pdf,2b713e96f303d0be8a3683cf314c62c55d4ccaab25e8a01bc9e3aff8c62dff3e,149688,False,PDF可打开；首页可提取文本,7,"China Health and Nutrition Study (CHNS) Household Other Income File (oinc_12) 1989-2015 15:16 Tuesday, May 1, 2018 1 DATA SET: oinc_12 LABEL: CHNS Household Other Income 1989-2015 DATE CREATED: 01MAY18:16:22:47 Number of Observations: 22985 Number of Variables: 39 Organization of file: 1 Observation Household/Year (HHID/WAVE) China Health and Nutrition Study (CHNS) Household Other Income File (oinc_12) 1989-2015 15:16 Tuesday, May 1, 2018 1 DATA SET: oinc_12 LABEL: CHNS Household Other Income 1989-2015 DATE CREATED: 01MAY18:16:22:47 Number of Observations: 22985 Number of Variables: 39 Organization of file: 1 Observation Household/Year (HHID/"
CHNS/官方材料/变量说明/pact_12.pdf,材料/CHNS/官方材料/变量说明/pact_12.pdf,9012af4022888e8dcc3987e6cc6b494a84c4b1c7503311c9f56e63bcaebaafd1,254366,False,PDF可打开；首页可提取文本,43,"China Health and Nutrition Study (CHNS) Physical Activity (pact_12) 1989-2015 15:16 Tuesday, May 1, 2018 1 DATA SET: pact_12 LABEL: CHNS Physical Activity 1989-2015 DATE CREATED: 01MAY18:16:25:04 Number of Observations: 125740 Number of Variables: 276 Organization of file: 1 Observation Individual/Year (IDIND/WAVE) Variable Name Variable Label (VAR) VAR Type VAR Format VAR Length Mean Range of Values Frequency Category Frequency Percent IDIND INDIVIDUAL ID Num 8 3.84839E11 1.11101E11 to 5.523042E11 125740 100.00 125740 100.00 HHID HOUSEHOLD ID Num 8 384838673 111101001 to 552304161 125740 100.00 125740 100.00 LINE INDIVIDUAL LINE NUMBER Num 8"
CHNS/官方材料/变量说明/pexam_00.pdf,材料/CHNS/官方材料/变量说明/pexam_00.pdf,de9baba260025a4c0bc7cd90d4cb6aeec2272c946327dd52517532c577ed0074,227566,False,PDF可打开；首页可提取文本,33,"China Health and Nutrition Study (CHNS) Physical Examination (pexam_00) 1989-2011 09:22 Thursday, February 27, 2014 1 DATA SET: pexam_00 LABEL: CHNS Physical Examination 1989-2011 DATE CREATED: 27FEB14:14:32:19 Number of Observations: 110449 Number of Variables: 206 Organization of file: 1 Observation Individual/Year (IDIND/WAVE) Variable Name Variable Label (VAR) VAR Type VAR Format VAR Length Mean Range of Values Frequency Category Frequency Percent IDIND INDIVIDUAL ID Num 8 3.86699E11 1.11101E11 to 5.52304E11 110449 100.00 110449 100.00 HHID HOUSEHOLD ID Num 8 386697999 111101001 to 552304020 110449 100.00 110449 100.00 LINE INDIVIDUAL LIN"
CHNS/官方材料/变量说明/pexam_pub_12.pdf,材料/CHNS/官方材料/变量说明/pexam_pub_12.pdf,0ff0636007f53a2ee58260efba42fbb837c1c464ce7010e068aae0117111c60d,196225,False,PDF可打开；首页可提取文本,22,"China Health and Nutrition Study (CHNS) Physical Examination (pexam_10) 1989-2015 14:18 Monday, August 5, 2019 1 DATA SET: pexam_pub_12 LABEL: CHNS Physical Examination 1989-2015 DATE CREATED: 05AUG19:14:33:54 Number of Observations: 115201 Number of Variables: 132 Organization of file: 1 Observation Individual/Year (IDIND/WAVE) Variable Name Variable Label (VAR) VAR Type VAR Format VAR Length Mean Range of Values Frequency Category Frequency Percent IDIND INDIVIDUAL ID Num 8 3.86943E11 1.11101E11 to 6.12404E11 115201 100.00 115201 100.00 HHID HOUSEHOLD ID Num 8 386942670 111101001 to 612404020 115201 100.00 115201 100.00 LINE INDIVIDUAL LINE"
CHNS/官方材料/变量说明/preg_12.pdf,材料/CHNS/官方材料/变量说明/preg_12.pdf,f96a412eaccfabd03d83a007f9a8c661c092c8dea2ac3eeac5dbf6ab21293f0c,150045,False,PDF可打开；首页可提取文本,6,"China Health and Nutrition Study (CHNS) Pregnancy History File (preg_12) 1991-2015 15:16 Tuesday, May 1, 2018 1 DATA SET: preg_12 LABEL: CHNS Pregnancy History File 1991-2015 DATE CREATED: 01MAY18:16:27:13 Number of Observations: 4126 Number of Variables: 30 Organization of file: 1 Observation Woman/Pregnancy/Year (IDIND_M/IDIND_C/WAVE) China Health and Nutrition Study (CHNS) Pregnancy History File (preg_12) 1991-2015 15:16 Tuesday, May 1, 2018 1 DATA SET: preg_12 LABEL: CHNS Pregnancy History File 1991-2015 DATE CREATED: 01MAY18:16:27:13 Number of Observations: 4126 Number of Variables: 30 Organization of file: 1 Observation Woman/Pregnancy/"
CHNS/官方材料/变量说明/pstress_12.pdf,材料/CHNS/官方材料/变量说明/pstress_12.pdf,cb65439e374aa0c5c0232734cf7d306bed404f5b6d2758528a738884b3fdd003,140742,False,PDF可打开；首页可提取文本,4,"China Health and Nutrition Study (CHNS) Physical Examination (pstress_12) 2015-2015 15:16 Tuesday, May 1, 2018 1 DATA SET: pstress_12 LABEL: CHNS Physical Examination 2015-2015 DATE CREATED: 01MAY18:16:28:00 Number of Observations: 12865 Number of Variables: 24 Organization of file: 1 Observation Individual/Year (IDIND/WAVE) China Health and Nutrition Study (CHNS) Physical Examination (pstress_12) 2015-2015 15:16 Tuesday, May 1, 2018 1 DATA SET: pstress_12 LABEL: CHNS Physical Examination 2015-2015 DATE CREATED: 01MAY18:16:28:00 Number of Observations: 12865 Number of Variables: 24 Organization of file: 1 Observation Individual/Year (IDIND/WA"
CHNS/官方材料/变量说明/relationmast_pub_00.pdf,材料/CHNS/官方材料/变量说明/relationmast_pub_00.pdf,57db4129ae2d87580b3ccff90b9b836c022f8e8f6321700265db6e7e1d111cb1,138073,False,PDF可打开；首页可提取文本,4,"China Health and Nutrition Study (CHNS) Mast Relationship File (rst_00) 1989-2011 10:01 Thursday, November 20, 2014 1 DATA SET: relationMast_pub_00 LABEL: CHNS Household member relationship Data 1989-2011 DATE CREATED: 21NOV14:17:16:11 Number of Observations: 82734 Number of Variables: 9 Organization of file: 1 Observation per person 1 with person 2/hhid (IDIND_1 IDIND_2/HHID) China Health and Nutrition Study (CHNS) Mast Relationship File (rst_00) 1989-2011 10:01 Thursday, November 20, 2014 1 DATA SET: relationMast_pub_00 LABEL: CHNS Household member relationship Data 1989-2011 DATE CREATED: 21NOV14:17:16:11 Number of Observations: 82734 Numb"
CHNS/官方材料/变量说明/rst_12.pdf,材料/CHNS/官方材料/变量说明/rst_12.pdf,8f915d5b583fe70b7e4e8e6cd3a46c9ae1d4a734f154ffac098a4f918fc98ea6,165587,False,PDF可打开；首页可提取文本,11,"China Health and Nutrition Study (CHNS) Roster File (rst_12) 1989-2015 15:16 Tuesday, May 1, 2018 1 DATA SET: rst_12 LABEL: CHNS Individual Roster Data 1989-2015 DATE CREATED: 01MAY18:16:29:10 Number of Observations: 180582 Number of Variables: 67 Organization of file: 1 Observation per person/year (IDIND/WAVE) China Health and Nutrition Study (CHNS) Roster File (rst_12) 1989-2015 15:16 Tuesday, May 1, 2018 1 DATA SET: rst_12 LABEL: CHNS Individual Roster Data 1989-2015 DATE CREATED: 01MAY18:16:29:10 Number of Observations: 180582 Number of Variables: 67 Organization of file: 1 Observation per person/year (IDIND/WAVE) Variable Name Variable L"
CHNS/官方材料/变量说明/subf_00.pdf,材料/CHNS/官方材料/变量说明/subf_00.pdf,82f80d63592574257a6612337a74b7a8f7bebdea2928e693f10eddb539886dee,138126,False,PDF可打开；首页可提取文本,3,"China Health and Nutrition Study (CHNS) Household Food Subsidies (subf_00) 1989-1993 09:22 Thursday, February 27, 2014 1 DATA SET: subf_00 LABEL: CHNS Food Subsidies 1989-1993 DATE CREATED: 27FEB14:15:31:48 Number of Observations: 12023 Number of Variables: 12 Organization of file: 1 Observation Household/Year/Food Item (HHID/WAVE/I2) China Health and Nutrition Study (CHNS) Household Food Subsidies (subf_00) 1989-1993 09:22 Thursday, February 27, 2014 1 DATA SET: subf_00 LABEL: CHNS Food Subsidies 1989-1993 DATE CREATED: 27FEB14:15:31:48 Number of Observations: 12023 Number of Variables: 12 Organization of file: 1 Observation Household/Year/F"
CHNS/官方材料/变量说明/subh_12.pdf,材料/CHNS/官方材料/变量说明/subh_12.pdf,27f3006f81648a4aa3b3aef50430adb85dc5fcfe556bb94838562232a48349b8,141027,False,PDF可打开；首页可提取文本,4,"China Health and Nutrition Study (CHNS) Household Subsidies File (subh_12) 1989-2015 15:16 Tuesday, May 1, 2018 1 DATA SET: subh_12 LABEL: CHNS Household Subsidies 1989-2015 DATE CREATED: 01MAY18:16:30:21 Number of Observations: 10891 Number of Variables: 20 Organization of file: 1 Observation Household/Year (HHID/WAVE) China Health and Nutrition Study (CHNS) Household Subsidies File (subh_12) 1989-2015 15:16 Tuesday, May 1, 2018 1 DATA SET: subh_12 LABEL: CHNS Household Subsidies 1989-2015 DATE CREATED: 01MAY18:16:30:21 Number of Observations: 10891 Number of Variables: 20 Organization of file: 1 Observation Household/Year (HHID/WAVE) Variab"
CHNS/官方材料/变量说明/subi_00.pdf,材料/CHNS/官方材料/变量说明/subi_00.pdf,a2c47f6f4c8a330ce8f5ba266f793dd98994064942701d45a8fcb4907ac4b11c,137542,False,PDF可打开；首页可提取文本,3,"China Health and Nutrition Study (CHNS) Individual Subsidies (subi_00) 1989-2006 09:22 Thursday, February 27, 2014 1 DATA SET: subi_00 LABEL: CHNS Individual Subsidy Income 1989-2006 DATE CREATED: 27FEB14:15:43:42 Number of Observations: 14835 Number of Variables: 18 Organization of file: 1 Observation per person/year (IDIND/WAVE) China Health and Nutrition Study (CHNS) Individual Subsidies (subi_00) 1989-2006 09:22 Thursday, February 27, 2014 1 DATA SET: subi_00 LABEL: CHNS Individual Subsidy Income 1989-2006 DATE CREATED: 27FEB14:15:43:42 Number of Observations: 14835 Number of Variables: 18 Organization of file: 1 Observation per person/ye"
CHNS/官方材料/变量说明/surveys_pub_12.pdf,材料/CHNS/官方材料/变量说明/surveys_pub_12.pdf,4fb1528245ef26cca7e9c28531083c7926ca58f230eb4238d6b9d47a77a28144,143120,False,PDF可打开；首页可提取文本,4,"China Health and Nutrition Study (CHNS) Survey File (SURVEYS_pub_12) 1989-2015 15:16 Tuesday, May 1, 2018 1 DATA SET: surveys_pub_12 LABEL: CHNS surveys File 1989-2011 DATE CREATED: 01MAY18:16:34:40 Number of Observations: 143564 Number of Variables: 20 Organization of file: 1 Obs per Respondent/Year (IDind/wave) China Health and Nutrition Study (CHNS) Survey File (SURVEYS_pub_12) 1989-2015 15:16 Tuesday, May 1, 2018 1 DATA SET: surveys_pub_12 LABEL: CHNS surveys File 1989-2011 DATE CREATED: 01MAY18:16:34:40 Number of Observations: 143564 Number of Variables: 20 Organization of file: 1 Obs per Respondent/Year (IDind/wave) Variable Name Variab"
CHNS/官方材料/变量说明/timea_12.pdf,材料/CHNS/官方材料/变量说明/timea_12.pdf,69c1ad962936b1dd5a6d6b5c173f78477eda396afcb30501364e5dd0dbc1d55a,147729,False,PDF可打开；首页可提取文本,6,"China Health and Nutrition Study (CHNS) Individual Time Allocation File (timea_12) 1989-2015 15:16 Tuesday, May 1, 2018 1 DATA SET: timea_12 LABEL: CHNS Individual Time Allocation File 1989-2015 DATE CREATED: 01MAY18:16:38:29 Number of Observations: 123364 Number of Variables: 33 Organization of file: 1 Observation per person/year (IDIND/WAVE) China Health and Nutrition Study (CHNS) Individual Time Allocation File (timea_12) 1989-2015 15:16 Tuesday, May 1, 2018 1 DATA SET: timea_12 LABEL: CHNS Individual Time Allocation File 1989-2015 DATE CREATED: 01MAY18:16:38:29 Number of Observations: 123364 Number of Variables: 33 Organization of file: 1"
CHNS/官方材料/变量说明/urban_11.pdf,材料/CHNS/官方材料/变量说明/urban_11.pdf,5c885823f82ac7741ade4612879854a64022fc37ae1e78e0c9221f8035991a5d,141913,False,PDF可打开；首页可提取文本,4,"Program(\\chnscons\urbanization\Urban_15\PGM\URBAN_10.SAS) DATE(01MAY18) CHNS Urbanization Index - Longitudinal Version (URBAN_11) 1989-2015 16:41 Tuesday, May 1, 2018 1 DATA SET: URBAN_11 LABEL: DATE CREATED: 02MAY18:09:51:50 Number of Observations: 2207 Number of Variables: 20 Organization of file: 1 Obs per Community/Year (COMMID/WAVE) Program(\\chnscons\urbanization\Urban_15\PGM\URBAN_10.SAS) DATE(01MAY18) CHNS Urbanization Index - Longitudinal Version (URBAN_11) 1989-2015 16:41 Tuesday, May 1, 2018 1 DATA SET: URBAN_11 LABEL: DATE CREATED: 02MAY18:09:51:50 Number of Observations: 2207 Number of Variables: 20 Organization of file: 1 Obs p"
CHNS/官方材料/变量说明/wages_12.pdf,材料/CHNS/官方材料/变量说明/wages_12.pdf,8ba8f6d7e58c198ad7e1784117772032503367550725169d10734e63977b7ea4,146787,False,PDF可打开；首页可提取文本,5,"China Health and Nutrition Study (CHNS) Individual Earnings/Wages File (wages_12) 1989-2015 15:16 Tuesday, May 1, 2018 1 DATA SET: wages_12 LABEL: CHNS Individual Earnings/Wages File 1989-2015 DATE CREATED: 01MAY18:16:39:13 Number of Observations: 62029 Number of Variables: 32 Organization of file: 1 Observation Person/Year/Job (IDIND/WAVE/JOB) China Health and Nutrition Study (CHNS) Individual Earnings/Wages File (wages_12) 1989-2015 15:16 Tuesday, May 1, 2018 1 DATA SET: wages_12 LABEL: CHNS Individual Earnings/Wages File 1989-2015 DATE CREATED: 01MAY18:16:39:13 Number of Observations: 62029 Number of Variables: 32 Organization of file: 1 O"
CHNS/官方材料/变量说明/wed_12.pdf,材料/CHNS/官方材料/变量说明/wed_12.pdf,fa85eb9cfd98f3908190ef68e3c975cb0573ad121c9f97d4aaeae48aae3f7c23,162873,False,PDF可打开；首页可提取文本,11,"China Health and Nutrition Study (CHNS) Marriage History File (wed_12) 1991-2015 15:16 Tuesday, May 1, 2018 1 DATA SET: wed_12 LABEL: CHNS Marriage History File 1991-2015 DATE CREATED: 01MAY18:16:39:57 Number of Observations: 26596 Number of Variables: 66 Organization of file: 1 Observation Woman/Year (IDIND/WAVE) China Health and Nutrition Study (CHNS) Marriage History File (wed_12) 1991-2015 15:16 Tuesday, May 1, 2018 1 DATA SET: wed_12 LABEL: CHNS Marriage History File 1991-2015 DATE CREATED: 01MAY18:16:39:57 Number of Observations: 26596 Number of Variables: 66 Organization of file: 1 Observation Woman/Year (IDIND/WAVE) Variable Name Vari"
CHNS/官方材料/变量说明/weights-chns.pdf,材料/CHNS/官方材料/变量说明/weights-chns.pdf,816ae260bf8ac9cb108adf7914b3019d06fcd059ef091ca4df59c0e742383915,196725,False,PDF可打开；首页可提取文本,2,"Weights for the China Health and Nutrition Study One of the more frequently asked questions is: Are there weights to make these data representative of China or these nine provinces (8 provinces from 1989-1997)? The simplest answer is no. When the survey was planned and implemented, the State Statistical Office of China would not share their sample frame with the CHNS team. Furthermore, we could not have released the data sets for public distribution if we had worked with them. The design used extant census data as best as we could for a multi-level random sample. However it was determined by our sampling statistical colleagues that we could n"
CHNS/官方材料/补充说明/Biomarker_Methods.pdf,材料/CHNS/官方材料/补充说明/Biomarker_Methods.pdf,86d698ec005ea7ed35147c66dfa8e31c3dd7dd3ff43d4c2869be42d30ad924c7,464994,False,PDF可打开；首页可提取文本,2,"Variable Full name Specimen Method Reagent producer Measure machine ALB Albumin Serum BCG method Randox ，UK Hitachi 7600 Y48_4 Albumin (field measured) Serum BCG method Randox ，UK Hitachi 7600 ALT Alanine Aminotransferase Serum IFCC Enzyme Method Randox ，UK Hitachi 7600 Y48_2 Alanine Aminotransferase (field measured) Serum IFCC Enzyme Method Randox ，UK Hitachi 7600 ApoB Apolipoprotein B Serum Immunoturbidimetric Randox ，UK Hitachi 7600 Apo_A Apolipoprotein A-1 Serum Immunoturbidimetric Randox ，UK Hitachi 7600 CRE creatinine Serum Picric acid method Randox ，UK Hitachi 7600 FER Ferritin Serum Radioimmunology North Institute of Bio-Tech,China Ga"
CHNS/官方材料/补充说明/C10BIOMARKER.pdf,材料/CHNS/官方材料/补充说明/C10BIOMARKER.pdf,44bd3be3e37d67ff0ae6014c412b77f6bfe8b1d678b27c2f32c8c38beb739c7f,238242,False,PDF可打开；首页可提取文本,36,"Programmer(James Terry) PROJECT(CHNS Longitudinal) Program(\chinaid\BIO_10\C10BIOMARKER.SAS) DATE(10DEC12) Programmer(James Terry) PROJECT(CHNS Longitudinal) Program(\chinaid\BIO_10\C10BIOMARKER.SAS) DATE(10DEC12) China Health and Nutrition Study (CHNS) Blood Assay results (C10ASSAY) 2009 13:32 Monday, December 10, 2012 1 DATA SET: C10BIOMARKER LABEL: DATE CREATED: 10DEC12:14:01:11 Number of Observations: 10242 Number of Variables: 197 Organization of file: 1 Obs per Blood Draw (BARCODE) Variable Name Variable Label (VAR) VAR Type VAR Format VAR Length Mean Range of Values Frequency Category Frequency Percent HHID MOST CURRENT HOUSEHOLD ID ON"
CHNS/官方材料/补充说明/HHINC_10.pdf,材料/CHNS/官方材料/补充说明/HHINC_10.pdf,00d86892de099a70862c99de64b29b7ac8bc09e3a48db07561df303766225b25,146164,False,PDF可打开；首页可提取文本,5,"Programmer(James Terry) PROJECT(CHNS Income) Program(\h:\chnscons\hh_income\macros\HHINC_10 Codebook.SAS) DATE(04MAY18) China Health and Nutrition Study (CHNS) Household Income (HHINC_10) 1989-2015 08:08 Friday, May 4, 2018 1 DATA SET: HHINC_10 LABEL: CHNS Household Income File (HHINC_10) 1989-2015 DATE CREATED: 04MAY18:09:34:55 Number of Observations: 45079 Number of Variables: 39 Organization of file: 1 Obs per Household/Year (HHID/WAVE) Programmer(James Terry) PROJECT(CHNS Income) Program(\h:\chnscons\hh_income\macros\HHINC_10 Codebook.SAS) DATE(04MAY18) China Health and Nutrition Study (CHNS) Household Income (HHINC_10) 1989-2015 08:08 Fr"
CHNS/官方材料/补充说明/Household-Income-Variable-Construction.pdf,材料/CHNS/官方材料/补充说明/Household-Income-Variable-Construction.pdf,ba9805e545bf3069b2c7702cd862c2257c61bf5e9be712ecffbfeb3d8bbe3b1c,93246,False,PDF可打开；首页可提取文本,20,"Household Income Variable Construction Household income is conceptualized as the sum of all sources of income and revenue minus expenditures. There are questions about nine potential sources of income in the questionnaires: business, farming, fishing, gardening, livestock, non-retirement wages, retirement income, subsidies, and other income. Details on each source follow. Data come from the longitudinal files for each income source. These files have all of the data for a household at each wave. Not all households are represented in each file. In general, if a household was present in one of these files, it was assumed that the household repor"
CHNS/官方材料/补充说明/INDINC_10.pdf,材料/CHNS/官方材料/补充说明/INDINC_10.pdf,d9db0e9a8c9e19121b157fe955b9ab9d4ec9815d527fbe6e1d95589b95588336,142843,False,PDF可打开；首页可提取文本,4,"Programmer(James Terry) PROJECT(CHNS Income) Program(\H:\chnscons\hh_income\macros\INDINC_10_Codebook.SAS) DATE(04MAY18) China Health and Nutrition Study (CHNS) Individual Income (INDINC_10) 1989-2015 08:08 Friday, May 4, 2018 1 DATA SET: INDINC_10 LABEL: CHNS Individual Income File (INDINC_10) 1989-2015 DATE CREATED: 04MAY18:09:57:51 Number of Observations: 90613 Number of Variables: 27 Organization of file: 1 Obs per Individual/Year (IDIND/WAVE) Programmer(James Terry) PROJECT(CHNS Income) Program(\H:\chnscons\hh_income\macros\INDINC_10_Codebook.SAS) DATE(04MAY18) China Health and Nutrition Study (CHNS) Individual Income (INDINC_10) 1989-20"
CHNS/官方材料/补充说明/Individual-Income-Variable-Construction.pdf,材料/CHNS/官方材料/补充说明/Individual-Income-Variable-Construction.pdf,74315bdfb174a88ca6792b09f4f54e88e8c6694b0403ac845698c246f67cb10b,44102,False,PDF可打开；首页可提取文本,11,"sys1:\chnscons\ind_income\docs\Individual Income Variable Construction.doc Individual Income Variable Construction Individual income is conceptualized as the sum of all sources of income and revenue minus expenditures for one household member. It is not a simple division of household income evenly among household members (that is per capita income, which is computed as part of household income). Rather, individual income is built by adding each person's income source. There are questions about seven potential sources of income in the questionnaires: business, farming, fishing, gardening, livestock, non-retirement wages, and retirement income."
CHNS/官方材料/问卷/English/1989_Community_Survey_c89com.0896.pdf,材料/CHNS/官方材料/问卷/English/1989_Community_Survey_c89com.0896.pdf,fdfe43aadf728ed5de859404643a12559671b21568294619107c5b4456762357,127243,False,PDF可打开；首页可提取文本,25,"CHINA ECONOMIC, POPULATION, NUTRITION, AND HEALTH SURVEY Q Q 1989 COMMUNITY SURVEY Community Survey (1): Community Infrastructure, Services, and Organization Province (Autonomous Region): 21 Liaoning 32 Jiangsu 37 Shandong 41 Henan 42 Hubei 43 Hunan 45 Guangxi 52 Guizhou Urban Site: 1 Rural Site: 2 City: County: Neighborhood: Village (Town): Respondent's Name: Interviewer's Name: Interview Date: Year Month Day Completion Evaluation 1 good 2 okay 3 poor Signature of Responsible Person _______________ -- 1 -- 1 From official records, get the following statistics: Population of this village/neighborhood O0 Area of this village/neighborhood (incl"
CHNS/官方材料/问卷/English/1989_Household_Survey_c89hh.0896.pdf,材料/CHNS/官方材料/问卷/English/1989_Household_Survey_c89hh.0896.pdf,056117aeda54f36072ed822263200645416db954637c225022040854c266de68,239068,False,PDF可打开；首页可提取文本,20,"1 Confidential The information from this survey is ""personal and household information which cannot be revealed to the public without permission."" << Survey Law >> Chapter 3 No. 14 CHINA ECONOMIC, POPULATION, NUTRITION, AND HEALTH SURVEY S S1989 Household Survey Province (Autonomous Region): 21 Liaoning 32 Jiangsu 37 Shandong 41 Henan 42 Hubei 43 Hunan 45 Guangxi 52 Guizhou T1 Urban Site: 1 Rural Site: 2 T2 City: County: T3 Neighborhood: Village(Town): T4 Household Sequence Number: Household Sequence Number: T5 Detailed HH Address: District (Town, Township) Street House # Number of Household Members: T6 Name of Main Respondent: Name of Helper"
CHNS/官方材料/问卷/English/1989_Nutrition_Survey_c89nutr.0896.pdf,材料/CHNS/官方材料/问卷/English/1989_Nutrition_Survey_c89nutr.0896.pdf,d23a4da1556fdac206578379832c8a5dbf368215d1427aa694c64f0169d806cd,34233,False,PDF可打开；首页可提取文本,4,--1-- TABLE 1 RECORD OF HOUSEHOLD FOOD AMOUNTS Household ID: ______Province ______City (County) ______Neighborhood (Town/Village) ______Household Number Interview Date: Year Month Day Food Code Food Name Initial Amount on Hand (500 gm) [jin] Each Day Amount Amount Amount Amount Amount Amount Amount Amount Amount Amount Amount Amount Amount Amount Amount Amount Amount Amount purchased discarded purchased or discarded purchased or discarded purchased or discarded purchased or discarded purchased or discarded purchased or discarded purchased or discarded purchased or discarded or grown (500gm)[jin] grown (500 (500gm)[jin] grown (500 (500gm)[jin]
CHNS/官方材料/问卷/English/1989_Physical_Examination_c89pe.0896.pdf,材料/CHNS/官方材料/问卷/English/1989_Physical_Examination_c89pe.0896.pdf,bd9ad6e46738fcb5fb5081235ea42913e9491331051833ef9b1b347a27647d7a,18888,False,PDF可打开；首页可提取文本,2,Anthropometric Measurement and Physical Examination Table for Children Household ID Province City (or county) Neighborhood(town/village) HH# Name Line # Sex Date of Birth: Year Month Day Date of Exam 23 number of milk teeth Lab Tests 1 age (mo. yr.) 24 number of cavities 51 serum albumin 2 weight (kg) 25 size of fontanel 52 hemoglobin 3 height (cm) 26 square head 53 hematocrit 4 head circumference (cm) 27 pigeon chest 5 upper arm circumference (cm) 28 beading of ribs 6 skin fold (mm) 29 Harrison's groove 7 emaciation 30 abdominal distention 8 edema 31 deformation of legs 9 muscular flaccidity 32 deformation of spinal column 10 trichosis setos
CHNS/官方材料/问卷/English/1991_Community_Survey_c91com.0896.pdf,材料/CHNS/官方材料/问卷/English/1991_Community_Survey_c91com.0896.pdf,515890a084779ece2ea95ecdb471d5198f9849fd9cbab82ffc85d6a919eae49a,165134,False,PDF可打开；首页可提取文本,31,"--1-- CHINA ECONOMIC, POPULATION, NUTRITION, AND HEALTH SURVEY S S1991 COMMUNITY SURVEY Community Survey (I): Community Infrastructure, Services, and Organization Province (District): 21 Liaoning 32 Jiangsu 37 Shandong 41 Henan T1 42 Hubei 43 Hunan 45 Guangxi 52 Guizhou Urban Site: 1 Rural Site: 2 T2 City: County: T3 Neighborhood: Village(Town): T4 Household Sequence Number: Name of Interviewer: Date of Interview: ____Year ____Month ____Day T7 Completion Evaluation 1 Good 2 OK 3 Poor CO Name of Verifier Note: One copy of this survey should be completed for each sampled village/neighborhood. --2-- From the official records, obtain the followin"
CHNS/官方材料/问卷/English/1991_Ever-Married_Women_Survey_c91emw.0896.pdf,材料/CHNS/官方材料/问卷/English/1991_Ever-Married_Women_Survey_c91emw.0896.pdf,72e749a00bbc7c8b2b356cf6309f9a5aa08700d9ab9f1b60104899c7eaffcb65,54097,False,PDF可打开；首页可提取文本,14,"--1-- CHINA ECONOMIC, POPULATION, NUTRITION, AND HEALTH SURVEY S SSURVEY OF EVER-MARRIED WOMEN UNDER AGE 50 Province (District): 21 Liaoning 32 Jiangsu 37 Shandong 41 Henan T1 42 Hubei 43 Hunan 45 Guangxi 52 Guizhou Urban Site 1 Rural Site 2 T2 City: County T3 Neighborhood: Village(Town) T4 Household Sequence Number Household Sequence Number T5 Name of Woman Line Number A1 Name of Interviewer Date of Interview Year Month Day T7 Completion Evaluation 1. good 2. okay 3. poor CO Signature of Responsible Person --2-- I. Marriage History 1. What is your current marital status? S1 1. married 2. widowed (Skip to Question 4.) 3. divorced (Skip to Que"
CHNS/官方材料/问卷/English/1991_Household_Survey_c91hh.0896.pdf,材料/CHNS/官方材料/问卷/English/1991_Household_Survey_c91hh.0896.pdf,a80e5bfa634720af3d190c3c67b908f1cb628b63ef9684faf3bdd0a96f426b56,253993,False,PDF可打开；首页可提取文本,23,"CHINA ECONOMIC, POPULATION, NUTRITION, AND HEALTH SURVEY Q Q 1991 HOUSEHOLD SURVEY Household ID from 1989 Survey: T1 T2 T3 T4 T5 Province: 21 Liaoning 32 Jiangsu 37 Shandong 41 Henan 42 Hubei 43 Hunan 45 Guangxi 52 Guizhou T1 Urban Site: 1 Rural Site: 2 T2 City: __________ County: __________ T3 1. First city 1. First county 2. Second city 2. Second county 3. Third county 4. Fourth county Neighborhood: ____________ Village (Town): ____________ T4 1. First neighborhood 1. County town neighborhood 2. Second neighborhood 2. First village 3. Third suburban village (neighborhood) 3. Second village 4. Fourth suburban village (neighborhood) 4. Third "
CHNS/官方材料/问卷/English/1991_Nutrition_Survey_c91nutr.0896.pdf,材料/CHNS/官方材料/问卷/English/1991_Nutrition_Survey_c91nutr.0896.pdf,ec81e56aca4f8e31533d354561d99388130d43569916016f58cab5afc1ae422c,39391,False,PDF可打开；首页可提取文本,5,"--1-- CHINA ECONOMIC, POPULATION, NUTRITION, AND HEALTH SURVEY Q Q1991 HOUSEHOLD NUTRITION SURVEY Province (District): 21 Liaoning 32 Jiangsu 37 Shandong 41 Henan T1 42 Hubei 43 Hunan 45 Guangxi 52 Guizhou Urban Site: 1 Rural Site: 2 T2 City: County: T3 Neighborhood: Village(Town): T4 Household Sequence Number: Household Sequence Number: T5 Name of Interviewer: Date of Interview: ____Year ____Month ____Day T7 Completion Evaluation: 1 Good 2 OK 3 Poor CO Name of Verifier: --2-- 1. Name and line number of the most important person in planning meals in the household. Name____ Line Number V1 Name and line number of the assisting person in plannin"
CHNS/官方材料/问卷/English/1991_Physical_Examination_c91pe.0896.pdf,材料/CHNS/官方材料/问卷/English/1991_Physical_Examination_c91pe.0896.pdf,291309c21d52212900780b2809a84182cfe4b545d02cb0f8bcd1563133f7d4ba,20753,False,PDF可打开；首页可提取文本,6,"--1-- CHINA ECONOMIC, POPULATION, NUTRITION, AND HEALTH SURVEY Q Q1991 PHYSICAL EXAMINATION Survey Site: ____Province ____Site ____City(County) ____Neighborhood(Town/Village) ____Household ID Number: T1 T2 T3 T4 T5 Name: _________ Line Number( ): A1 Date of Interview: ____Year ____Month ____Day T7 .................................................................................................................................................................. ....... I. Physical Examination 1. Age (years): __________ U1 2. Weight (kg): __________ • U2 3. Height (cm): __________ • U3 4. Blood pressure (mmHg): a: _____/_____ U4 b: _____/_____ U5 "
CHNS/官方材料/问卷/English/1993_Community_Survey_c93com.1098.pdf,材料/CHNS/官方材料/问卷/English/1993_Community_Survey_c93com.1098.pdf,a04f3c31a00851358521e66f4ef07eab695c7730148e371eb516aa16b36a5c5d,166828,False,PDF可打开；首页可提取文本,38,"--1-- CHINA ECONOMIC, POPULATION, NUTRITION, AND HEALTH SURVEY )) ))1993 COMMUNITY SURVEY Community Survey (I): Community Infrastructure, Services, and Organization Province (District): 21 Liaoning 32 Jiangsu 37 Shandong 41 Henan 42 Hubei 43 Hunan 45 Guangxi 52 Guizhou T1 Urban Site: 1 Rural Site: 2 T2 City: County: T3 Neighborhood: Village(Town): T4 Name of Interviewee: Name of Interviewer: Date of Interview: ____Year ____Month ____Day T7 Completion Evaluation 1 Good 2 OK 3 Poor CO Name of Verifier Note: One copy of this survey should be completed for each sampled village/neighborhood. --2-- From the official records, obtain the following st"
CHNS/官方材料/问卷/English/1993_Ever-Married_Women_Survey_c93emw.1098.pdf,材料/CHNS/官方材料/问卷/English/1993_Ever-Married_Women_Survey_c93emw.1098.pdf,2f061d009401c80fc929ac0088683f4a03f9e017797c5aed3b4df011c6ff0da4,57175,False,PDF可打开；首页可提取文本,17,"-- 1 -- CHINA ECONOMIC, POPULATION, NUTRITION, AND HEALTH SURVEY )Q )QSurvey of Ever-Married Women Under Age 52 Province: 21 Liaoning 32 Jiangsu 37 Shandong 41 Henan 42 Hubei 43 Hunan 45 Guangxi 52 Guizhou T1 Urban Site: 1 Rural Site: 2 T2 City: __________ County: __________ T3 Neighborhood: ____________ Village (Town): ____________ T4 Household Sequence Number: __________ Household Sequence Number: __________ T5 Name of Woman __________________ Line Number __________ A1 Interviewer's Name: ____________ Interview Date: Year Month Day T7 Completion Evaluation: 1 good 2 okay 3 poor C0 Signature of Responsible Person: _______________ This survey"
CHNS/官方材料/问卷/English/1993_Household_Survey_c93hh.1098.pdf,材料/CHNS/官方材料/问卷/English/1993_Household_Survey_c93hh.1098.pdf,67642eb844bc4e0b85f4f0189946deeebd96250a02790cf86bd9cf5c78e5e3bf,287774,False,PDF可打开；首页可提取文本,25,"CHINA ECONOMIC, POPULATION, NUTRITION, AND HEALTH SURVEY N40 )) ))1993 HOUSEHOLD SURVEY Household ID from 1991 Survey: T1 T2 T3 T4 T5 Province: 21 Liaoning 32 Jiangsu 37 Shandong 41 Henan 42 Hubei 43 Hunan 45 Guangxi 52 Guizhou T1 Urban Site: 1 Rural Site: 2 T2 City: __________ County: __________ T3 1. First city 1. First county 2. Second city 2. Second county 3. Third county 4. Fourth county Neighborhood: ____________ Village: ____________ T4 1. First neighborhood 1. County town neighborhood 2. Second neighborhood 2. First village 3. Third suburban village (neighborhood) 3. Second village 4. Fourth suburban village (neighborhood) 4. Third vi"
CHNS/官方材料/问卷/English/1993_Interviewer_Manual_c93ivman.0896.pdf,材料/CHNS/官方材料/问卷/English/1993_Interviewer_Manual_c93ivman.0896.pdf,d9712e0c7c7ffb3289a851f02c1aaf57477cebe5f196321bf75d852cbe23e669,141668,False,PDF可打开；首页可提取文本,46,"China Economic, Population, Nutrition, and Health Survey 1993 WORK MANUAL Lynn Moody Igoe, Editor Institute of Nutrition and Food Hygiene of the Chinese Academy of Preventive Medicine April 1993, Beijing TABLE OF CONTENTS Introduction 1 1993 Survey Plan 1 Interviewers' Work Criteria and Questionnaire-Filling Requirements 3 Instructions for Filling out Questionnaires and Explanations about Indicators 4 I. Household Survey 4 II. Community Survey 21 III. Survey of Ever-Married Women under Age 52 28 IV. Physical Examination 32 V. Household Nutrition Survey 39 Recommended Work Procedure 45 Because of basic structural differences in the English and"
CHNS/官方材料/问卷/English/1993_Nutrition_Survey_c93nutr.1098.pdf,材料/CHNS/官方材料/问卷/English/1993_Nutrition_Survey_c93nutr.1098.pdf,3d646cf6b57a3ef527ae82018ea1d77a14654a58421d46cdd0bebb72d7268751,41925,False,PDF可打开；首页可提取文本,5,"--1-- CHINA ECONOMIC, POPULATION, NUTRITION, AND HEALTH SURVEY )) ))1993 HOUSEHOLD DIETARY SURVEY Province (District): 21 Liaoning 32 Jiangsu 37 Shandong 41 Henan T1 42 Hubei 43 Hunan 45 Guangxi 52 Guizhou Urban Site: 1 Rural Site: 2 T2 City: County: T3 Neighborhood: Village(Town): T4 Household Sequence Number: Household Sequence Number: T5 Name of Interviewer: Date of Interview: ____Year ____Month ____Day T7 Completion Evaluation: 1 Good 2 OK 3 Poor CO Name of Verifier: --2-- 1. Name and line number of the most important person in planning meals in the household. Name____ Line Number V1 Name and line number of the assisting person in plannin"
CHNS/官方材料/问卷/English/1993_Physical_Examination_c93pe.1098.pdf,材料/CHNS/官方材料/问卷/English/1993_Physical_Examination_c93pe.1098.pdf,06079a8ac175ed21e2552ec60c1d685d0bce8019c252e6552ed62e7c2c0eb0b1,26335,False,PDF可打开；首页可提取文本,8,"--1-- CHINA ECONOMIC, POPULATION, NUTRITION, AND HEALTH SURVEY ___1993 PHYSICAL EXAMINATION Survey Site: ____ Province ___ Site ___ City(County) ___ Neighborhood(Town/Village) ___ Household ID Number: T1 T2 T3 T4 T5 Name: ___________ Line Number ( ): A1 Date of Interview: ____ Year ____ Month ____ Day T7 ------------------------------------------------------------------------------------------------------------------------------------------- I. Physical Examination 1. Age (years): U1 2. Blood pressure (mmHg) a: / U4 b: / U5 C: / U6 3. Height (cm): • U3 4. Weight (kg): • U2 5. Upper arm circumference (cm): • U7 6. Triceps skin fold (cm) a: U8a"
CHNS/官方材料/问卷/English/1997_Community_Survey_c97com.0701.pdf,材料/CHNS/官方材料/问卷/English/1997_Community_Survey_c97com.0701.pdf,52abe487fba40b1fd70a8303a49cb887867e95ed89d41caa5557d2aa6ce37b91,65600,False,PDF可打开；首页可提取文本,21,"CHINA ECONOMIC, POPULATION, NUTRITION, AND HEALTH SURVEY 1997 COMMUNITY SURVEY Community Survey (I): Community Infrastructure, Services, and Organization Province (Region): 23 Heilongjiang 32 Jiangsu 37 Shandong 41 Henan 42 Hubei 43 Hunan 45 Guangxi 52 Guizhou GGT1 Urban Site: 1 Rural Site: 2 GT2 City: County: GT3 1. First city 1. First county 2. Second city 2. Second county 3. Third county 4. Fourth county Neighborhood: Village(Town): GT4 1. First [urban] neighborhood 1. County town neighborhood 2. Second [urban] neighborhood 2. First village 3. Third suburban village (neighborhood) 3. Second village 4. Fourth suburban village (neighborhood)"
CHNS/官方材料/问卷/English/1997_Energy_Record_c97en.0701.pdf,材料/CHNS/官方材料/问卷/English/1997_Energy_Record_c97en.0701.pdf,1ffa6452ab0b6524c7ca70523361a34c6ae0afe525304fec158dafac0033f59c,14883,False,PDF可打开；首页可提取文本,2,ENERGY RECORD Household ID: ___ Province ___ Site ___ City(County) ___ Neighborhood (Town/Village) ___ Household T1 T2 T3 T4 T5 Name: ___________ Line Number: ___________ A1 Name of Interviewer: __________ Interview Date: _____Year _____Month _____Day T7 1. Age years U1 2. Sex 1 male 2 female U1b 3. Height cm U3 4. Weight kg U2 Start End 5 Date 6 Time 7 Time of Day 8 Date 9 Time 10 Time of Day 1 Morning 2 Afternoon 1 Morning 2 Afternoon AE0 1 Program starting and ending time AE1  AE2  AE3  AE4  AE5  AE6  2 Noon nap time with Caltrac       3 Sleeping time    
CHNS/官方材料/问卷/English/1997_Ever-Married_Women_Survey_c97emw.0701.pdf,材料/CHNS/官方材料/问卷/English/1997_Ever-Married_Women_Survey_c97emw.0701.pdf,2dbc026f124541a73792a784f08693c703924b56d9948ba01068f6c37ea3b9ab,29156,False,PDF可打开；首页可提取文本,9,"CHINA ECONOMIC, POPULATION, NUTRITION, AND HEALTH SURVEY ______Survey of Ever-Married Women Under Age 52 Province: 23 Heilongjiang 32 Jiangsu 37 Shandong 41 Henan 42 Hubei 43 Hunan 45 Guangxi 52 Guizhou GGT1 Urban Site: 1 Rural Site: 2 GT2 City: __________ County: __________ GT3 1. First city 1. First county 2. Second city 2. Second county 3. Third county 4. Fourth county Neighborhood: ____________ Village (Town): ____________ GT4 1. First [urban] neighborhood 1. County town neighborhood 2. Second [urban] neighborhood 2. First village 3. Third suburban village (neighborhood) 3. Second village 4. Fourth suburban village (neighborhood) 4. Third"
CHNS/官方材料/问卷/English/1997_Household_Survey_c97hh.0701.pdf,材料/CHNS/官方材料/问卷/English/1997_Household_Survey_c97hh.0701.pdf,c6b5b58a03a9a25e35ec496a685c7020fb3999b72a33fec86f122e1532d21ccb,240732,False,PDF可打开；首页可提取文本,37,"CHINA ECONOMIC, POPULATION, NUTRITION, AND HEALTH SURVEY ))1997 HOUSEHOLD SURVEY Household ID from 1993 Survey: T1GG T2G T3G T4G T5GG Province: 23 Heilongjiang 32 Jiangsu 37 Shandong 41 Henan 42 Hubei 43 Hunan 45 Guangxi 52 Guizhou GGT1 Urban Site: 1 Rural Site: 2 GT2 City: __________ County: __________ GT3 1. First city 1. First county 2. Second city 2. Second county 3. Third county 4. Fourth county Neighborhood: ____________ Village: ____________ GT4 1. First [urban] neighborhood 1. County town neighborhood 2. Second [urban] neighborhood 2. First village 3. Third suburban village (neighborhood) 3. Second village 4. Fourth suburban village ("
CHNS/官方材料/问卷/English/1997_Nutrition_Survey_c97nutr.0701.pdf,材料/CHNS/官方材料/问卷/English/1997_Nutrition_Survey_c97nutr.0701.pdf,3c36e0909d27b70a47ca673c3895345e428aca6e02488c6df6c5607768290822,21502,False,PDF可打开；首页可提取文本,5,"CHINA ECONOMIC, POPULATION, NUTRITION, AND HEALTH SURVEY ))1997 HOUSEHOLD DIETARY SURVEY Province (Region): 23 Heilongjiang 32 Jiangsu 37 Shandong 41 Henan GGT1 42 Hubei 43 Hunan 45 Guangxi 52 Guizhou Urban Site: 1 Rural Site: 2 GT2 City: County: GT3 Neighborhood: Village(Town): GT4 Household Sequence Number: Household Sequence Number: GT5 Name of Interviewer: Interview Date: ____Year ____Month ____Day GGGGGGT7 Completion Evaluation: 1 Good 2 OK 3 Poor GCO Name of Verifier: [Signature of Responsible Person:] 1. Name and line number of the most important person in planning meals in the household. Name____ Line Number GG V1 Name and line number"
CHNS/官方材料/问卷/English/1997_Physical_Examination_c97pe.0701.pdf,材料/CHNS/官方材料/问卷/English/1997_Physical_Examination_c97pe.0701.pdf,b4e2773fc7415abf51ba5cd963ee5622d196cb36c579d188a0ee268234f84528,14052,False,PDF可打开；首页可提取文本,2,"--1-- CHINA ECONOMIC, POPULATION, NUTRITION, AND HEALTH SURVEY ___1997 PHYSICAL EXAMINATION Survey Site: ____ Province___ Site___ City(County)___ Neighborhood(Town/Village) ___ Household ID Number: GGT1 GT2 GT3 GT4 GGT5 Name: ___________ Line Number ( ): GGA1 Interview Date: ____ Year ____ Month ____ Day GGGGGGT7 1. Date of birth____year___month___day GGGGGGU1a 2. Age (years): __________ GGGU1 3. Sex: 1 male 2 female GU1b 4. Blood pressure (mmHg): a: / GGGGGGU4 b: / GGGGGGU5 c: / GGGGGGU6 5. Height (cm): GGG$GU3 6. Weight (kg): GGG$GU2 7. Upper arm circumference (cm): GG$GU7 8. Triceps skin fold (mm): a: GGU8a b: GGU8b c: GGU8c 9. Buttock cir"
CHNS/官方材料/问卷/English/2000_Community_Survey_c00com.1004.pdf,材料/CHNS/官方材料/问卷/English/2000_Community_Survey_c00com.1004.pdf,742b2c5bdcfab9b8e3b19467e7e750125fb7965d5c345501ec273d79e9bcd8df,78084,False,PDF可打开；首页可提取文本,17,"CHINA ECONOMIC, POPULATION, NUTRITION, AND HEALTH SURVEY --2000 COMMUNITY SURVEY Community Survey (I): Community Infrastructure, Services and Organization Province (Region): 21 Liaoning 23 Heilongjiang 32 Jiangsu 37 Shandong 41 Henan 42 Hubei 43 Hunan 45 Guangxi 52 Guizhou GGT1 Urban Site: 1 Rural Site: 2 GT2 City: County: GT3 1. First city 1. First county 2. Second city 2. Second county 3. Third county 4. Fourth county Neighborhood: Village (Town): GT4 1. First [urban] neighborhood 1. County town neighborhood 2. Second [urban] neighborhood 2. First village 3. Third suburban village (neighborhood) 3. Second village 4. Fourth suburban village "
CHNS/官方材料/问卷/English/2000_Energy_Record_c00en.1004.pdf,材料/CHNS/官方材料/问卷/English/2000_Energy_Record_c00en.1004.pdf,c706c83feeff4a970268e125f6162fae039a9b47e237c4856c23be63ad1a9184,14164,False,PDF可打开；首页可提取文本,2,"1 CHINA ECONOMIC, POPULATION, NUTRITION, AND HEALTH SURVEY ---ENERGY RECORD Household ID: ___Province(Region) ___Site ___City(County) ___Neighborhood(Town/Village) ___Household 99T1 9T2 9T3 9T4 99T5 Name of Child: ___________ Line Number: ___________ 99A1 Interviewer Name: __________ Number: _______________ 99T6c Interview Date: _____Year _____Month _____Day 99999999T7 1. Age: years 99U1 2. Date of Birth: Year Month Day 99999999AA3 3. Sex: 1. male 2. female 9U1b 4. Height cm 999. 9U3 5. Weight kg 999. 9U2 Start End 6 Date 7 Time 8 Time of Day 1 Morning 2 Afternoon 9 Date 10 Time 11 Time of Day 1 Morning 2 Afternoon AE0 1 Program starting and "
CHNS/官方材料/问卷/English/2000_Ever-Married_Women_Survey_c00emw.1004.pdf,材料/CHNS/官方材料/问卷/English/2000_Ever-Married_Women_Survey_c00emw.1004.pdf,d7da832b34f5d8ed094bcbd553251b2169c6e1ca6a44b6ca5670844086d5d378,39903,False,PDF可打开；首页可提取文本,14,"CHINA ECONOMIC, POPULATION, NUTRITION, AND HEALTH SURVEY --Survey of Ever-Married Women Under Age 52 Province: 21 Liaoning 23 Heilongjiang 32 Jiangsu 37 Shandong 41 Henan 42 Hubei 43 Hunan 45 Guangxi 52 Guizhou GGT1 Urban Site: 1 Rural Site: 2 GT2 City: __________ County: __________ GT3 1. First city 1. First county 2. Second city 2. Second county 3. Third county 4. Fourth county Neighborhood: ____________ Village (Town): ____________ GT4 1. First [urban] neighborhood 1. County town neighborhood 2. Second [urban] neighborhood 2. First village 3. Third suburban village (neighborhood) 3. Second village 4. Fourth suburban village (neighborhood) "
CHNS/官方材料/问卷/English/2000_Household_Survey_c00hh.1004.pdf,材料/CHNS/官方材料/问卷/English/2000_Household_Survey_c00hh.1004.pdf,ec3d76f5da63ec12b3b81742a22c9122629fd97a519bf996fcc651a7e062d79a,146973,False,PDF可打开；首页可提取文本,23,"CHINA ECONOMIC, POPULATION, NUTRITION, AND HEALTH SURVEY ))2000 HOUSEHOLD SURVEY Province: 21 Liaoning 23 Heilongjiang 32 Jiangsu 37 Shandong 41 Henan 42 Hubei 43 Hunan 45 Guangxi 52 Guizhou GGT1 Urban Site: 1 Rural Site: 2 GT2 City: __________ County: __________ GT3 1. First city 1. First county 2. Second city 2. Second county 3. Third county 4. Fourth county Neighborhood: ____________ Village: ____________ GT4 1. First [urban] neighborhood 1. County town neighborhood 2. Second [urban] neighborhood 2. First village 3. Third suburban village (neighborhood) 3. Second village 4. Fourth suburban village (neighborhood) 4. Third village 5. Fifth ["
CHNS/官方材料/问卷/English/2000_Nutrition_Survey_c00nutr.1004.pdf,材料/CHNS/官方材料/问卷/English/2000_Nutrition_Survey_c00nutr.1004.pdf,5afa61c99c1ec15f69554a70a0a57d342da6b24207a2a339826371723eb28027,23334,False,PDF可打开；首页可提取文本,4,"CHINA ECONOMIC, POPULATION, NUTRITION, AND HEALTH SURVEY ))2000 HOUSEHOLD DIETARY SURVEY Province (Region): 21 Liaoning 23 Heilongjiang 32 Jiangsu 37 Shandong 41 Henan GGT1 42 Hubei 43 Hunan 45 Guangxi 52 Guizhou Urban Site: 1 Rural Site: 2 GT2 City: County: GT3 1. First city 1. First county 2. Second city 2. Second county 3. Third county 4. Fourth county Neighborhood: Village(Town): GT4 1. First [urban] neighborhood 1. County town neighborhood 2. Second [urban] neighborhood 2. First village 3. Third suburban village (neighborhood) 3. Second village 4. Fourth suburban village (neighborhood) 4. Third village 5. Fifth [urban] neighborhood 5. Co"
CHNS/官方材料/问卷/English/2000_Physical_Examination_c00pe.1004.pdf,材料/CHNS/官方材料/问卷/English/2000_Physical_Examination_c00pe.1004.pdf,70c3e654640e8162ec16a4c08c2ed39cb643a6da7fa242ba84dd5172daa187fb,51911,False,PDF可打开；首页可提取文本,19,"CHINA ECONOMIC, POPULATION, NUTRITION, AND HEALTH SURVEY –-2000 PHYSICAL EXAMINATION Province: 21 Liaoning 23 Heilongjiang 32 Jiangsu 37 Shandong 41 Henan 42 Hubei 43 Hunan 45 Guangxi 52 Guizhou GGT1 Urban Site: 1 Rural Site: 2 GT2 City: __________ County: __________ GT3 1. First city 1. First county 2. Second city 2. Second county 3. Third county 4. Fourth county Neighborhood: ____________ Village (Town): ____________ GT4 1. First [urban] neighborhood 1. County town neighborhood 2. Second [urban] neighborhood 2. First village 3. Third suburban village (neighborhood) 3. Second village 4. Fourth suburban village (neighborhood) 4. Third village"
CHNS/官方材料/问卷/English/2004_Adult_Survey_c04adult.0804.pdf,材料/CHNS/官方材料/问卷/English/2004_Adult_Survey_c04adult.0804.pdf,33743211c5f4f87c9b78823c859caf7f2693aece270c734957402fd3f4bf4071,157493,False,PDF可打开；首页可提取文本,40,"CHINA ECONOMIC, POPULATION, NUTRITION, AND HEALTH SURVEY 2004 ADULT QUESTIONNAIRE (for all adults age 18 and older) Province: 21 Liaoning 23 Heilongjiang 32 Jiangsu 37 Shandong 41 Henan GGT1 42 Hubei 43 Hunan 45 Guangxi 52 Guizhou Urban Site: 1 Rural Site: 2 GT2 City: __________ County: ___________ GT3 1 First city 1 First county 2 Second city 2 Second county 3 Third county 4 Fourth county Neighborhood: _____________ Village (Town): ___________ GGT4 01 First [urban] neighborhood 01 County town neighborhood 02 Second [urban] neighborhood 02 First village 03 Third suburban village (neighborhood) 03 Second village 04 Fourth suburban village (nei"
CHNS/官方材料/问卷/English/2004_Child_Survey_c04child.0804.pdf,材料/CHNS/官方材料/问卷/English/2004_Child_Survey_c04child.0804.pdf,cef166ce0fa808eb2c2ab60eb07d516e3b7fb09f8018864530b3e7707dfe9fe2,128646,False,PDF可打开；首页可提取文本,32,"CHINA ECONOMIC, POPULATION, NUTRITION, AND HEALTH SURVEY 2004 CHILD QUESTIONNAIRE (for all children age 0-17.99) Province: 21 Liaoning 23 Heilongjiang 32 Jiangsu 37 Shandong 41 Henan GGT1 42 Hubei 43 Hunan 45 Guangxi 52 Guizhou Urban Site: 1 Rural Site: 2 GT2 City: __________ County: ___________ GT3 1 First city 1 First county 2 Second city 2 Second county 3 Third county 4 Fourth county Neighborhood: _____________ Village (Town): ___________ GGT4 01 First [urban] neighborhood 01 County town neighborhood 02 Second [urban] neighborhood 02 First village 03 Third suburban village (neighborhood) 03 Second village 04 Fourth suburban village (neighb"
CHNS/官方材料/问卷/English/2004_Community_Survey_c04com.0804.pdf,材料/CHNS/官方材料/问卷/English/2004_Community_Survey_c04com.0804.pdf,a8cc2494b6c4e8ddc87d513e7a9c9c45b3b3a8f6b34ea78dfd90df6ae848975e,94115,False,PDF可打开；首页可提取文本,26,"CHINA ECONOMIC, POPULATION, NUTRITION, AND HEALTH SURVEY 2004 COMMUNITY QUESTIONNAIRE Province: 21 Liaoning 23 Heilongjiang 32 Jiangsu 37 Shandong 41 Henan GGT1 42 Hubei 43 Hunan 45 Guangxi 52 Guizhou Urban Site: 1 Rural Site: 2 GT2 City: __________ County: ___________ GT3 1 First city 1 First county 2 Second city 2 Second county 3 Third county 4 Fourth county Neighborhood: _____________ Village (Town): ___________ GGT4 01 First [urban] neighborhood 01 County town neighborhood 02 Second [urban] neighborhood 02 First village 03 Third suburban village (neighborhood) 03 Second village 04 Fourth suburban village (neighborhood) 04 Third village 05"
CHNS/官方材料/问卷/English/2004_Household_Survey_c04hh.0804.pdf,材料/CHNS/官方材料/问卷/English/2004_Household_Survey_c04hh.0804.pdf,996d098628f485a14f98d0e5bd52dbcaf8eb0b8eaaaf0f77ed3b24b6c5a00673,101223,False,PDF可打开；首页可提取文本,23,"CHINA ECONOMIC, POPULATION, NUTRITION, AND HEALTH SURVEY 2004 HOUSEHOLD QUESTIONNAIRE Province: 21 Liaoning 23 Heilongjiang 32 Jiangsu 37 Shandong 41 Henan GGT1 42 Hubei 43 Hunan 45 Guangxi 52 Guizhou Urban Site: 1 Rural Site: 2 GT2 City: __________ County: ___________ GT3 1 First city 1 First county 2 Second city 2 Second county 3 Third county 4 Fourth county Neighborhood: _____________ Village (Town): ___________ GGT4 01 First [urban] neighborhood 01 County town neighborhood 02 Second [urban] neighborhood 02 First village 03 Third suburban village (neighborhood) 03 Second village 04 Fourth suburban village (neighborhood) 04 Third village 05"
CHNS/官方材料/问卷/English/2004_Nutrition_Survey_c04nutr.0804.pdf,材料/CHNS/官方材料/问卷/English/2004_Nutrition_Survey_c04nutr.0804.pdf,a67c0ec948e8a1e6bc481e599182750077c69438ab0b5659fd97876709f9b1dc,26925,False,PDF可打开；首页可提取文本,4,"CHINA ECONOMIC, POPULATION, NUTRITION, AND HEALTH SURVEY 2004 DIETARY QUESTIONNAIRE Province: 21 Liaoning 23 Heilongjiang 32 Jiangsu 37 Shandong 41 Henan GGT1 42 Hubei 43 Hunan 45 Guangxi 52 Guizhou Urban Site: 1 Rural Site: 2 GT2 City: __________ County: ___________ GT3 1 First city 1 First county 2 Second city 2 Second county 3 Third county 4 Fourth county Neighborhood: _____________ Village (Town): ___________ GGT4 01 First [urban] neighborhood 01 County town neighborhood 02 Second [urban] neighborhood 02 First village 03 Third suburban village (neighborhood) 03 Second village 04 Fourth suburban village (neighborhood) 04 Third village 05 F"
CHNS/官方材料/问卷/English/2006_Adult_Survey_c06adult_07272006.pdf,材料/CHNS/官方材料/问卷/English/2006_Adult_Survey_c06adult_07272006.pdf,a6336d4217f7b0aa816162dfedd740fd2224944005ae8ad627f6b483231733f5,109494,False,PDF可打开；首页可提取文本,40,"CHINA ECONOMIC, POPULATION, NUTRITION, AND HEALTH SURVEY 2006 ADULT QUESTIONNAIRE (for all adults age 18 and older) Province: 21 Liaoning 23 Heilongjiang 32 Jiangsu 37 Shandong 41 Henan GGT1 42 Hubei 43 Hunan 45 Guangxi 52 Guizhou Urban Site: 1 Rural Site: 2 GT2 City: __________ County: ___________ GT3 1 First city 1 First county 2 Second city 2 Second county 3 Third county 4 Fourth county Neighborhood: _____________ Village (Town): ___________ GGT4 01 First [urban] neighborhood 01 County town neighborhood 02 Second [urban] neighborhood 02 First village 03 Third suburban village (neighborhood) 03 Second village 04 Fourth suburban village (nei"
CHNS/官方材料/问卷/English/2006_Child_Survey_c06child_07272006.pdf,材料/CHNS/官方材料/问卷/English/2006_Child_Survey_c06child_07272006.pdf,1c86259acbf9d76c931b11d49ccd4206943eb45c8d4e2cffc9e68d8f816216dc,95773,False,PDF可打开；首页可提取文本,33,"CHINA ECONOMIC, POPULATION, NUTRITION, AND HEALTH SURVEY 2006 CHILD QUESTIONNAIRE (for all children age 0-17.99) Province: 21 Liaoning 23 Heilongjiang 32 Jiangsu 37 Shandong 41 Henan GGT1 42 Hubei 43 Hunan 45 Guangxi 52 Guizhou Urban Site: 1 Rural Site: 2 GT2 City: __________ County: ___________ GT3 1 First city 1 First county 2 Second city 2 Second county 3 Third county 4 Fourth county Neighborhood: _____________ Village (Town): ___________ GGT4 01 First [urban] neighborhood 01 County town neighborhood 02 Second [urban] neighborhood 02 First village 03 Third suburban village (neighborhood) 03 Second village 04 Fourth suburban village (neighb"
CHNS/官方材料/问卷/English/2006_Community_Survey_c06com_07272006.pdf,材料/CHNS/官方材料/问卷/English/2006_Community_Survey_c06com_07272006.pdf,d01ff743ad30e19fc1d13720ebcbc8e5c167435fdc0050a1fa11f75f1bf6bd00,98977,False,PDF可打开；首页可提取文本,25,"CHINA ECONOMIC, POPULATION, NUTRITION, AND HEALTH SURVEY 2006 COMMUNITY QUESTIONNAIRE Province: 21 Liaoning 23 Heilongjiang 32 Jiangsu 37 Shandong 41 Henan GGT1 42 Hubei 43 Hunan 45 Guangxi 52 Guizhou Urban Site: 1 Rural Site: 2 GT2 City: __________ County: ___________ GT3 1 First city 1 First county 2 Second city 2 Second county 3 Third county 4 Fourth county Neighborhood: _____________ Village (Town): ___________ GGT4 01 First [urban] neighborhood 01 County town neighborhood 02 Second [urban] neighborhood 02 First village 03 Third suburban village (neighborhood) 03 Second village 04 Fourth suburban village (neighborhood) 04 Third village 05"
CHNS/官方材料/问卷/English/2006_Household_Survey_c06hh_07272006.pdf,材料/CHNS/官方材料/问卷/English/2006_Household_Survey_c06hh_07272006.pdf,7f51ffdff76d5bfefa39563c7e0c9715fcdbc50083c28ef6c9655358680b067c,73043,False,PDF可打开；首页可提取文本,23,"CHINA ECONOMIC, POPULATION, NUTRITION, AND HEALTH SURVEY 2006 HOUSEHOLD QUESTIONNAIRE Province: 21 Liaoning 23 Heilongjiang 32 Jiangsu 37 Shandong 41 Henan GGT1 42 Hubei 43 Hunan 45 Guangxi 52 Guizhou Urban Site: 1 Rural Site: 2 GT2 City: __________ County: ___________ GT3 1 First city 1 First county 2 Second city 2 Second county 3 Third county 4 Fourth county Neighborhood: _____________ Village (Town): ___________ GGT4 01 First [urban] neighborhood 01 County town neighborhood 02 Second [urban] neighborhood 02 First village 03 Third suburban village (neighborhood) 03 Second village 04 Fourth suburban village (neighborhood) 04 Third village 05"
CHNS/官方材料/问卷/English/2006_Interviewer_Training_Manual_Training_Manual_2006_short.pdf,材料/CHNS/官方材料/问卷/English/2006_Interviewer_Training_Manual_Training_Manual_2006_short.pdf,a8dab531154e2aee1ede9e253cdf914e74b87d9d0070cc5029a1268bbcb77e88,691945,False,PDF可打开；首页可提取文本,73," 1 China Health and Nutrition Survey 2006 Work Manual Institute of Nutrition and Food Hygiene China Center for Disease Control and Prevention June, 2006 2 Table of Contents Preface ............................................................................................................................................... 3 Chapter 1: Proposal of the 2006 Survey............................................................................................ 4 Chapter 2: Interviewers’ Work Criteria and Questionnaire-Filling Requirements ............................ 7 Chapter 3: Instructions for Filling out Questionnaires and Explanations about the"
CHNS/官方材料/问卷/English/2006_Nutrition_Survey_c06nutr_07272006.pdf,材料/CHNS/官方材料/问卷/English/2006_Nutrition_Survey_c06nutr_07272006.pdf,27aeb8f415cc7122258a474143e5d70f45433eb74beb3e459b1fcbd32711c95e,30394,False,PDF可打开；首页可提取文本,5,"CHINA ECONOMIC, POPULATION, NUTRITION, AND HEALTH SURVEY 2006 DIETARY QUESTIONNAIRE Province: 21 Liaoning 23 Heilongjiang 32 Jiangsu 37 Shandong 41 Henan GGT1 42 Hubei 43 Hunan 45 Guangxi 52 Guizhou Urban Site: 1 Rural Site: 2 GT2 City: __________ County: ___________ GT3 1 First city 1 First county 2 Second city 2 Second county 3 Third county 4 Fourth county Neighborhood: _____________ Village (Town): ___________ GGT4 01 First [urban] neighborhood 01 County town neighborhood 02 Second [urban] neighborhood 02 First village 03 Third suburban village (neighborhood) 03 Second village 04 Fourth suburban village (neighborhood) 04 Third village 05 F"
CHNS/官方材料/问卷/English/2009_Adult_Survey_C09adult_Fin20090715.pdf,材料/CHNS/官方材料/问卷/English/2009_Adult_Survey_C09adult_Fin20090715.pdf,f713408c31a2b7ab190f6cf105e8aa2db9d52040a0da8d0d6f31a9ea1023ee46,619845,False,PDF可打开；首页可提取文本,29," CHINA ECONOMIC, POPULATION, NUTRITION, AND HEALTH SURVEY 2009 ADULT QUESTIONNAIRE (For all adults age 18 and older) Province 21 Liaoning 23 Heilongjiang 32 Jiangsu 37 Shandong 41 Henan _ _ T1 42 Hubei 43 Hunan 45 Guangxi 52 Guizhou Urban Site: 1 Rural Site: 2 _ T2 City: ___________________ County: ________________ _ T3 1 First city 1 First county 2 Second city 2 Second county 3 Third county 4 Fourth county Neighborhood: ________________ Village (Town): _______________ _ _ T4 01 First [urban] neighborhood 01 County town neighborhood 02 Second [urban] neighborhood 02 First village 03 Third suburban village (neighborhood) 03 Second village 04 F"
CHNS/官方材料/问卷/English/2009_Blood_Collection_C09blood_Fin20090721.pdf,材料/CHNS/官方材料/问卷/English/2009_Blood_Collection_C09blood_Fin20090721.pdf,ead501f64a3ec2a7f2edd9d1348e504fed61127bb6cc600f29a36f7ffbd821bc,84251,False,PDF可打开；首页可提取文本,3," CHINA HEALTH AND NUTRITION SURVEY 2009 BLOOD COLLECTION QUESTIONNAIRE I. General Background (Ask participants the following questions before drawing blood) 1. Name:___________ Address:______________________________ 2. Individual ID: _ _ _ _ _ _ _ _ _ _ T0 3. Date of birth_ _ _ _ Year _ _ Month _ _ Day? * Record western calendar, if possible, use the same date of birth in household questionnaire and first page of this questionnaire. _ _ _ _ _ _ _ _ Y1 4. According to which calendar type?? _ Y2 1 Western calendar 2 Lunar calendar 5. Age (year): _ _ _? * Record 018 if 18.00-18.99 years, etc. _ _ _ Y3 6. Gender? _ Y4 1 Male 2 Female 7. Nationali"
CHNS/官方材料/问卷/English/2009_Boy_Maturation_C09Boy_Maturation_Fin20090715.pdf,材料/CHNS/官方材料/问卷/English/2009_Boy_Maturation_C09Boy_Maturation_Fin20090715.pdf,112fec8230720b7bb78b053a7e0b73f043f391f7421595144295931c3158b8b0,68782,False,PDF可打开；首页可提取文本,1,"Boy Maturation (for all boys 12 years old and older) To interviewer: Please write down boy’s household ID and Line number, then ask boys age 12 and older to fill in the form and return to interviewer 1. Household ID _ _ _ _ _ _ _ _ _ HHID 2. Name_____________, Line number (A1)_ _ _ _ _ _ LINE 3. Has your voice changed in the past few years? _ Y29 0 No (skip to question 5) 1 Yes 9 Unknown (skip to question 5) 4. How different is your voice now than when you were 10 years old? _ Y30 0 Has changed a bit 1 Has changed a lot 9 Unknown 5. How do you compare your body with that of other boys your age? _ Y31 1 Younger 2 The same as other boys 3 More "
CHNS/官方材料/问卷/English/2009_Child_Survey_C09child_Fin20090710.pdf,材料/CHNS/官方材料/问卷/English/2009_Child_Survey_C09child_Fin20090710.pdf,8626a0817cab2396ae14f71afc6d54668517aa5d01b7b28bba276bfdac78e126,725180,False,PDF可打开；首页可提取文本,28,"CHINA ECONOMIC, POPULATION, NUTRITION, AND HEALTH SURVEY 2009 CHILD QUESTIONNAIRE (For all children age 0-17.99) Province 21 Liaoning 23 Heilongjiang 32 Jiangsu 37 Shandong 41 Henan _ _ T1 42 Hubei 43 Hunan 45 Guangxi 52 Guizhou Urban Site: 1 Rural Site: 2 _ T2 City: ___________________ County: ________________ _ T3 1 First city 1 First county 2 Second city 2 Second county 3 Third county 4 Fourth county Neighborhood: ________________ Village (Town): _______________ _ _ T4 01 First [urban] neighborhood 01 County town neighborhood 02 Second [urban] neighborhood 02 First village 03 Third suburban village (neighborhood) 03 Second village 04 Fourt"
CHNS/官方材料/问卷/English/2009_Community_Survey_C09comm_Fin20090710.pdf,材料/CHNS/官方材料/问卷/English/2009_Community_Survey_C09comm_Fin20090710.pdf,c77c9877dafd246dd15fa2a44302eb66bc7579f1031cf7a27bfd780c2040fc41,632122,False,PDF可打开；首页可提取文本,27,"CHINA ECONOMIC, POPULATION, NUTRITION, AND HEALTH SURVEY 2009 COMMUNITY QUESTIONNAIRE Province 21 Liaoning 23 Heilongjiang 32 Jiangsu 37 Shandong 41 Henan _ _ T1 42 Hubei 43 Hunan 45 Guangxi 52 Guizhou Urban Site: 1 Rural Site: 2 _ T2 City: ___________________ County: ________________ _ T3 1 First city 1 First county 2 Second city 2 Second county 3 Third county 4 Fourth county Neighborhood: ________________ Village (Town): _______________ _ _ T4 01 First [urban] neighborhood 01 County town neighborhood 02 Second [urban] neighborhood 02 First village 03 Third suburban village (neighborhood) 03 Second village 04 Fourth suburban village (neighbo"
CHNS/官方材料/问卷/English/2009_Household_Survey_C09hh_Fin20090710.pdf,材料/CHNS/官方材料/问卷/English/2009_Household_Survey_C09hh_Fin20090710.pdf,4926bfcff8d4d30707a0c6e5cc593a4925c2f7ee7662b6624a8c508bafaa4641,377160,False,PDF可打开；首页可提取文本,19," CHINA ECONOMIC, POPULATION, NUTRITION, AND HEALTH SURVEY 2009 HOUSEHOLD QUESTIONNAIRE Province 21 Liaoning 23 Heilongjiang 32 Jiangsu 37 Shandong 41 Henan _ _ T1 42 Hubei 43 Hunan 45 Guangxi 52 Guizhou Urban Site: 1 Rural Site: 2 _ T2 City: ___________________ County: ________________ _ T3 1 First city 1 First county 2 Second city 2 Second county 3 Third county 4 Fourth county Neighborhood: ________________ Village (Town): _______________ _ _ T4 01 First [urban] neighborhood 01 County town neighborhood 02 Second [urban] neighborhood 02 First village 03 Third suburban village (neighborhood) 03 Second village 04 Fourth suburban village (neighb"
CHNS/官方材料/问卷/English/2009_Nutrition_Survey_C09nutr_Fin20090311.pdf,材料/CHNS/官方材料/问卷/English/2009_Nutrition_Survey_C09nutr_Fin20090311.pdf,5c3103f0264d171d4bcc571fd293934bc409c3ed8937e540db12a5d7381de5c8,222843,False,PDF可打开；首页可提取文本,5,"CHINA ECONOMIC, POPULATION, NUTRITION, AND HEALTH SURVEY 2009 DIETARY QUESTIONNAIRE Province 21 Liaoning 23 Heilongjiang 32 Jiangsu 37 Shandong 41 Henan _ _ T1 42 Hubei 43 Hunan 45 Guangxi 52 Guizhou Urban Site: 1 Rural Site: 2 _ T2 City: ___________________ County: ________________ _ T3 1 First city 1 First county 2 Second city 2 Second county 3 Third county 4 Fourth county Neighborhood: ________________ Village (Town): _______________ _ _ T4 01 First [urban] neighborhood 01 County town neighborhood 02 Second [urban] neighborhood 02 First village 03 Third suburban village (neighborhood) 03 Second village 04 Fourth suburban village (neighborh"
CHNS/官方材料/问卷/English/2009_Toenail_Collection_C09toenai_Fin20090721.pdf,材料/CHNS/官方材料/问卷/English/2009_Toenail_Collection_C09toenai_Fin20090721.pdf,ee77cff694249d389f6f06472712f29009d15c776b4fd785c75ccaa190a770b8,34684,False,PDF可打开；首页可提取文本,1,"CHINA HEALTH AND NUTRITION SURVEY 2009 TOENAIL COLLECTION QUESTIONNAIRE (For all subjects age 2 and older) Individual ID _ _ _ _ _ T0 Name: ______________ 1. Do you use toenail polish regularly? _ Z1 0 no, never used it (skip to question 4) 1 used it before, but did not use again for more than one year 2 used it last year 3 use it sometimes 4 use it always 2. Is there any toenail polish on your toes right now? _ Z2 0 no 1 yes 3. When did you use toenail polish last time? _ Z3 1 within one month 2 between one and six months 3 between Six months and one year 4 over one year 4. Do you use any medication on your toes? _ Z4 0 no 1 yes, (specify___"
CHNS/官方材料/问卷/English/2011_Adult_Survey_C11adult_Eng.pdf,材料/CHNS/官方材料/问卷/English/2011_Adult_Survey_C11adult_Eng.pdf,a35fac7fc0d415d46430f989119bd00edabaf7d4dcabd3b1d2bdd4d66aba3793,447096,False,PDF可打开；首页可提取文本,29," CHINA ECONOMIC, POPULATION, NUTRITION, AND HEALTH SURVEY 2011 ADULT QUESTIONNAIRE (For all adults age 18 and older) Province 21 Liaoning 23 Heilongjiang 32 Jiangsu 37 Shandong 41 Henan _ _ T1 42 Hubei 43 Hunan 45 Guangxi 52 Guizhou Urban Site: 1 Rural Site: 2 _ T2 City: ___________________ County: ________________ _ T3 1 First city 1 First county 2 Second city 2 Second county 3 Third county 4 Fourth county Neighborhood: ________________ Village (Town): _______________ _ _ T4 01 First [urban] neighborhood 01 County town neighborhood 02 Second [urban] neighborhood 02 First village 03 Third suburban village (neighborhood) 03 Second village 04 F"
CHNS/官方材料/问卷/English/2011_Boy_Maturation_C11Boy_Eng.pdf,材料/CHNS/官方材料/问卷/English/2011_Boy_Maturation_C11Boy_Eng.pdf,f81823fdab0b77c2c86aacce10cae9d04a2f9ebe2be7c8950cd3b00dbf18a6a9,69091,False,PDF可打开；首页可提取文本,1,"Boy Maturation (for all boys 12 years old and older) To interviewer: Please write down boy’s household ID and Line number, then ask boys age 12 and older to fill in the form and return to interviewer 1. Household ID _ _ _ _ _ _ _ _ _ HHID 2. Name_____________, Line number (A1)_ _ _ _ _ _ LINE 3. Has your voice changed in the past few years? _ Y29 0 No (skip to question 5) 1 Yes 9 Unknown (skip to question 5) 4. How different is your voice now than when you were 10 years old? _ Y30 0 Has changed a bit 1 Has changed a lot 9 Unknown 5. How do you compare your body with that of other boys your age? _ Y31 1 Younger 2 The same as other boys 3 More "
CHNS/官方材料/问卷/English/2011_Child_Survey_C11child_Eng.pdf,材料/CHNS/官方材料/问卷/English/2011_Child_Survey_C11child_Eng.pdf,e148110bc45932d33c34297e9e9b3caf970df58ef498416fba6597a9270c44e0,546191,False,PDF可打开；首页可提取文本,28,"CHINA ECONOMIC, POPULATION, NUTRITION, AND HEALTH SURVEY 2011 CHILD QUESTIONNAIRE (For all children age 0-17.99) Province 21 Liaoning 23 Heilongjiang 32 Jiangsu 37 Shandong 41 Henan _ _ T1 42 Hubei 43 Hunan 45 Guangxi 52 Guizhou Urban Site: 1 Rural Site: 2 _ T2 City: ___________________ County: ________________ _ T3 1 First city 1 First county 2 Second city 2 Second county 3 Third county 4 Fourth county Neighborhood: ________________ Village (Town): _______________ _ _ T4 01 First [urban] neighborhood 01 County town neighborhood 02 Second [urban] neighborhood 02 First village 03 Third suburban village (neighborhood) 03 Second village 04 Fourt"
CHNS/官方材料/问卷/English/2011_Community_Survey_C11comm_Eng.pdf,材料/CHNS/官方材料/问卷/English/2011_Community_Survey_C11comm_Eng.pdf,ca057e7426e33ff69eb5a0bb82a23627e26d762941ca0267b912315ba9a0cfab,495390,False,PDF可打开；首页可提取文本,29,"CHINA ECONOMIC, POPULATION, NUTRITION, AND HEALTH SURVEY 2011 COMMUNITY QUESTIONNAIRE Province 21 Liaoning 23 Heilongjiang 32 Jiangsu 37 Shandong 41 Henan _ _ T1 42 Hubei 43 Hunan 45 Guangxi 52 Guizhou Urban Site: 1 Rural Site: 2 _ T2 City: ___________________ County: ________________ _ T3 1 First city 1 First county 2 Second city 2 Second county 3 Third county 4 Fourth county Neighborhood: ________________ Village (Town): _______________ _ _ T4 01 First [urban] neighborhood 01 County town neighborhood 02 Second [urban] neighborhood 02 First village 03 Third suburban village (neighborhood) 03 Second village 04 Fourth suburban village (neighbo"
CHNS/官方材料/问卷/English/2011_Household_Survey_C11hh_Eng.pdf,材料/CHNS/官方材料/问卷/English/2011_Household_Survey_C11hh_Eng.pdf,3ec7d26d010cec2b6e50c7930db931b518d2bc1f85513735de85ab1c7aa2b31d,280013,False,PDF可打开；首页可提取文本,19,"CHINA ECONOMIC, POPULATION, NUTRITION, AND HEALTH SURVEY 2011 HOUSEHOLD QUESTIONNAIRE Province 21 Liaoning 23 Heilongjiang 32 Jiangsu 37 Shandong 41 Henan _ _ T1 42 Hubei 43 Hunan 45 Guangxi 52 Guizhou Urban Site: 1 Rural Site: 2 _ T2 City: ___________________ County: ________________ _ T3 1 First city 1 First county 2 Second city 2 Second county 3 Third county 4 Fourth county Neighborhood: ________________ Village (Town): _______________ _ _ T4 01 First [urban] neighborhood 01 County town neighborhood 02 Second [urban] neighborhood 02 First village 03 Third suburban village (neighborhood) 03 Second village 04 Fourth suburban village (neighbo"
CHNS/官方材料/问卷/English/2011_Nutrition_Survey_C11nutr_Eng.pdf,材料/CHNS/官方材料/问卷/English/2011_Nutrition_Survey_C11nutr_Eng.pdf,baa4c32f45b51c5b2cd60c521a60161de6f281dd6f9723dbd4499ee7b507ef85,167386,False,PDF可打开；首页可提取文本,5," CHINA ECONOMIC, POPULATION, NUTRITION, AND HEALTH SURVEY 2011 DIETARY QUESTIONNAIRE Province 21 Liaoning 23 Heilongjiang 32 Jiangsu 37 Shandong 41 Henan _ _ T1 42 Hubei 43 Hunan 45 Guangxi 52 Guizhou Urban Site: 1 Rural Site: 2 _ T2 City: ___________________ County: ________________ _ T3 1 First city 1 First county 2 Second city 2 Second county 3 Third county 4 Fourth county Neighborhood: ________________ Village (Town): _______________ _ _ T4 01 First [urban] neighborhood 01 County town neighborhood 02 Second [urban] neighborhood 02 First village 03 Third suburban village (neighborhood) 03 Second village 04 Fourth suburban village (neighbor"
CHNS/官方材料/问卷/English/2015_Biospecimen_C15Biospecimen_Eng.pdf,材料/CHNS/官方材料/问卷/English/2015_Biospecimen_C15Biospecimen_Eng.pdf,a6c0d38fedb5942746bde26fef2e2a7b23813630a702d1fa703589fc174ad305,271134,False,PDF可打开；首页可提取文本,15,"CHINA ECONOMIC, POPULATION, NUTRITION, AND HEALTH SURVEY 2015 PHYSICAL EXAM AND BIOSPECIMEN QUESTIONNAIRE (Part 1) (For all participants) Province 11 Beijing 21 Liaoning 23 Heilongjiang 31 Shanghai _ _ T1 32 Jiangsu 37 Shandong 41 Henan 42 Hubei 43 Hunan 45 Guangxi 52 Guizhou 55 Chongqing Urban Site: 1 Rural Site: 2 _ T2 City: ___________________ County: ________________ _ T3 1 First city 1 First county 2 Second city 2 Second county 3 Third county 4 Fourth county Neighborhood: ________________ Village (Town): _______________ _ _ T4 01 First [urban] neighborhood 01 County town neighborhood 02 Second [urban] neighborhood 02 First village 03 Thi"
CHNS/官方材料/问卷/English/2015_Community_Survey_C15Comm_Eng.pdf,材料/CHNS/官方材料/问卷/English/2015_Community_Survey_C15Comm_Eng.pdf,2af9b4a15d1ab5be6a4af1b9d07779a8632edeb487911aeabff313f3f97700ce,328796,False,PDF可打开；首页可提取文本,23,"CHINA ECONOMIC, POPULATION, NUTRITION, AND HEALTH SURVEY 2015 COMMUNITY QUESTIONNAIRE Province 11 Beijing 21 Liaoning 23 Heilongjiang 31 Shanghai _ _ T1 32 Jiangsu 37 Shandong 41 Henan 42 Hubei 43 Hunan 45 Guangxi 52 Guizhou 55 Chongqing Urban Site: 1 Rural Site: 2 _ T2 City: ___________________ County: ________________ _ T3 1 First city 1 First county 2 Second city 2 Second county 3 Third county 4 Fourth county Neighborhood: ________________ Village (Town): _______________ _ _ T4 01 First [urban] neighborhood 01 County town neighborhood 02 Second [urban] neighborhood 02 First village 03 Third suburban village (neighborhood) 03 Second village"
CHNS/官方材料/问卷/English/2015_FFQ_Survey_C15FFQ_Eng.pdf,材料/CHNS/官方材料/问卷/English/2015_FFQ_Survey_C15FFQ_Eng.pdf,5152ad37944f85feee9faec162d3ef89b473a9a68759e8f413ea1573e79e3186,97747,False,PDF可打开；首页可提取文本,4,"1 Food Frequency Questionnaire Household ID: _ _ Province (T1) _ Site (T2) _ City/County (T3) _ _ Neighborhood/Village(T4) ___Household(T5) Interview Date: _ _ _ _Year _ _Month _ _Day _ _ _ _ _ _ _ _ T7 Table 5 Record of Household oil and other condiment Consumption Condiment V110 Consumption per month (grams) V111 Total Edible oil Lard Salt Soy sauce Monosodium glutamate/chicken essence Yellow soybean sauce Sugar Table 6. Food Frequency Questionnaire (for all age 12 and older) *Please recall whether you ate these food items in the past 12 months or not, and estimate the frequency and average edible amount. Food Name V99 Eat/drink or not 1 Ye"
CHNS/官方材料/问卷/English/2015_Household_Survey_C15HH_Eng.pdf,材料/CHNS/官方材料/问卷/English/2015_Household_Survey_C15HH_Eng.pdf,665a24c1841a72490d20fc56a5d142389a493e6dec08400c308f73d3089493e5,272111,False,PDF可打开；首页可提取文本,20,"CHINA ECONOMIC, POPULATION, NUTRITION, AND HEALTH SURVEY 2015HOUSEHOLD QUESTIONNAIRE Province 11 Beijing 21 Liaoning 23 Heilongjiang 31 Shanghai _ _ T1 32 Jiangsu 37 Shandong 41 Henan 42 Hubei 43 Hunan 45 Guangxi 52 Guizhou 55 Chongqing Urban Site: 1 Rural Site: 2 _ T2 City: ___________________ County: ________________ _ T3 1 First city 1 First county 2 Second city 2 Second county 3 Third county 4 Fourth county Neighborhood: ________________ Village (Town): _______________ _ _ T4 01 First [urban] neighborhood 01 County town neighborhood 02 Second [urban] neighborhood 02 First village 03 Third suburban village (neighborhood) 03 Second village "
CHNS/官方材料/问卷/English/2015_Individual_Survey_C15Individual_Eng.pdf,材料/CHNS/官方材料/问卷/English/2015_Individual_Survey_C15Individual_Eng.pdf,75200ac4dcd8eede8793b2599efeb9b6c035c29584b4451af8f5c8e645d3794f,664640,False,PDF可打开；首页可提取文本,38," CHINA ECONOMIC, POPULATION, NUTRITION, AND HEALTH SURVEY 2015 INDIVIDUAL QUESTIONNAIRE (For all participants age 0 and older) Provi nce 11 Beijing 21 Liaoning 23 Heilongjiang 31 Shanghai 32 Jiangsu 37 Shandong _ _ T1 41 Henan 42 Hubei 43 Hunan 45 Guangxi 52 Guizhou 55 Chongqing Urban Site: 1 Rural Site: 2 _ T2 City: ___________________ County: ________________ _ T3 1 First city 1 First county 2 Second city 2 Second county 3 Third county 4 Fourth county Neighborhood: ________________ Village (Town): _______________ _ _ T4 01 First [urban] neighborhood 01 County town neighborhood 02 Second [urban] neighborhood 02 First village 03 Third suburba"
CHNS/官方材料/问卷/English/2015_Nutrition_Survey_C15Nutr_Eng.pdf,材料/CHNS/官方材料/问卷/English/2015_Nutrition_Survey_C15Nutr_Eng.pdf,36db80e5f8dcc99db446abf2bf4e6b33f26be600d404d492bfa19010bd25b985,110047,False,PDF可打开；首页可提取文本,5," CHINA ECONOMIC, POPULATION, NUTRITION, AND HEALTH SURVEY 2015 DIETARY QUESTIONNAIRE Province 11 Beijing 21 Liaoning 23 Heilongjiang 31 Shanghai _ _ T1 32 Jiangsu 37 Shandong 41 Henan 42 Hubei 43 Hunan 45 Guangxi 52 Guizhou 55 Chongqing Urban Site: 1 Rural Site: 2 _ T2 City: ___________________ County: ________________ _ T3 1 First city 1 First county 2 Second city 2 Second county 3 Third county 4 Fourth county Neighborhood: ________________ Village (Town): _______________ _ _ T4 01 First [urban] neighborhood 01 County town neighborhood 02 Second [urban] neighborhood 02 First village 03 Third suburban village (neighborhood) 03 Second village "
CHNS/官方材料/问卷/English/2015_Telephone_Survey_C15Phone-Interview_Eng.pdf,材料/CHNS/官方材料/问卷/English/2015_Telephone_Survey_C15Phone-Interview_Eng.pdf,07c6a54523ddc2e16a8fc1c33e2aee3b5ce72a0d61a8b3ab1ccdf4ee47034552,198708,False,PDF可打开；首页可提取文本,8," CHINA ECONOMIC, POPULATION, NUTRITION, AND HEALTH SURVEY 2015PHONE INTERVIEW QUESTIONNAIRE (For all individuals who are not at home during data collection) Province 11 Beijing 21 Liaoning 23 Heilongjiang 31 Shanghai _ _ T1 32 Jiangsu 37 Shandong 41 Henan 42 Hubei 43 Hunan 45 Guangxi 52 Guizhou 55 Chongqing Urban Site: 1 Rural Site: 2 _ T2 City: ___________________ County: ________________ _ T3 1 First city 1 First county 2 Second city 2 Second county 3 Third county 4 Fourth county Neighborhood: ________________ Village (Town): _______________ _ _ T4 01 First [urban] neighborhood 01 County town neighborhood 02 Second [urban] neighborhood 02 F"
CHNS/download ever/weights-chns.pdf,材料/CHNS/官方材料/变量说明/weights-chns.pdf,816ae260bf8ac9cb108adf7914b3019d06fcd059ef091ca4df59c0e742383915,196725,True,PDF可打开；首页可提取文本,2,"Weights for the China Health and Nutrition Study One of the more frequently asked questions is: Are there weights to make these data representative of China or these nine provinces (8 provinces from 1989-1997)? The simplest answer is no. When the survey was planned and implemented, the State Statistical Office of China would not share their sample frame with the CHNS team. Furthermore, we could not have released the data sets for public distribution if we had worked with them. The design used extant census data as best as we could for a multi-level random sample. However it was determined by our sampling statistical colleagues that we could n"
CHNS/download ever/变量表合并/asset_12.pdf,材料/CHNS/官方材料/变量说明/asset_12.pdf,d94242049b5b9b8a82f3aabd8b5059190c6fa0529e5c49a0df5937d10730ce77,222888,True,PDF可打开；首页可提取文本,30,"DATA SET: asset_12 LABEL: CHNS Household Assets 1989-2015 DATE CREATED: 01MAY18:15:12:51 11:29 Tuesday, May 1, 2018 1 Number of Observations: 44521 Number of Variables: 274 Organization of file: 1 Observation Household/Year (HHID/WAVE) Variable Name Variable Label (VAR) VAR Type VAR Format VAR Length Mean Range of Values Frequency Category Frequency Percent HHID HOUSEHOLD ID Num 8 379694342 111101001 to 552304161 44521 100.00 44521 100.00 COMMID COMMUNITY ID: T1-T4 Num 8 379694.315 111101-552304 44521 100.00 44521 100.00 WAVE SURVEY YEAR Num YR 8 2002.94946 1989 1989 3795 8.52 1991 1991 3619 8.13 1993 1993 3456 7.76 1997 1997 3875 8.70 2000 2"
CHNS/download ever/变量表合并/birth_12.pdf,材料/CHNS/官方材料/变量说明/birth_12.pdf,e3c767f0a80e6a79e8ad94b9f5560b2f414fe4b610487ad4b5da3315628544ce,139301,True,PDF可打开；首页可提取文本,3,"China Health and Nutrition Study (CHNS) Birth History File (birth_12) 1991-1993, 2000-2015 15:16 Tuesday, May 1, 2018 1 DATA SET: birth_12 LABEL: CHNS Birth History File 1991-1993, 2000-2015 DATE CREATED: 01MAY18:15:18:57 Number of Observations: 63846 Number of Variables: 16 Organization of file: 1 Observation Mother/Child/Year (IDIND_M/IDIND_C/WAVE) China Health and Nutrition Study (CHNS) Birth History File (birth_12) 1991-1993, 2000-2015 15:16 Tuesday, May 1, 2018 1 DATA SET: birth_12 LABEL: CHNS Birth History File 1991-1993, 2000-2015 DATE CREATED: 01MAY18:15:18:57 Number of Observations: 63846 Number of Variables: 16 Organization of file:"
CHNS/download ever/变量表合并/birthmast_pub_12.pdf,材料/CHNS/官方材料/变量说明/birthmast_pub_12.pdf,b109ec8527e28b532ba5d51731342f29ccf6c1528522d6f6c8ae639500fa6252,134910,True,PDF可打开；首页可提取文本,2,"China Health and Nutrition Study (CHNS) Birth History Individual ID File (birthmast_pub_12) through 2015 15:16 Tuesday, May 1, 2018 1 DATA SET: birthmast_pub_12 LABEL: CHNS Birth History Individual ID File through 2015 DATE CREATED: 01MAY18:16:40:52 Number of Observations: 14656 Number of Variables: 8 Organization of file: 1 Observation Birth (IDIND_C) China Health and Nutrition Study (CHNS) Birth History Individual ID File (birthmast_pub_12) through 2015 15:16 Tuesday, May 1, 2018 1 DATA SET: birthmast_pub_12 LABEL: CHNS Birth History Individual ID File through 2015 DATE CREATED: 01MAY18:16:40:52 Number of Observations: 14656 Number of Varia"
CHNS/download ever/变量表合并/busi_12.pdf,材料/CHNS/官方材料/变量说明/busi_12.pdf,2e538a1909553f36672aa088fc3329b9c4ee0ae28fe94d8f40ed311e54715eff,141046,True,PDF可打开；首页可提取文本,4,"China Health and Nutrition Study (CHNS) Individual Business Income (BUSI_12) 1989-2015 15:16 Tuesday, May 1, 2018 1 DATA SET: busi_12 LABEL: CHNS Individual Small Business 1989-2015 DATE CREATED: 01MAY18:15:23:29 Number of Observations: 9945 Number of Variables: 18 Organization of file: 1 Observation per person/year/business (IDIND/WAVE/H2) China Health and Nutrition Study (CHNS) Individual Business Income (BUSI_12) 1989-2015 15:16 Tuesday, May 1, 2018 1 DATA SET: busi_12 LABEL: CHNS Individual Small Business 1989-2015 DATE CREATED: 01MAY18:15:23:29 Number of Observations: 9945 Number of Variables: 18 Organization of file: 1 Observation per p"
CHNS/download ever/变量表合并/busn_12.pdf,材料/CHNS/官方材料/变量说明/busn_12.pdf,4831af4ada576175e7f67d0a725acef74d1c61405829c69f808ea5787228a19b,139739,True,PDF可打开；首页可提取文本,4,"China Health and Nutrition Study (CHNS) Household Small busnness Income (BUSN_12) 1989-2011 15:16 Tuesday, May 1, 2018 1 DATA SET: busn_12 LABEL: CHNS Household Small busnness Income 1989-2011 DATE CREATED: 01MAY18:15:27:25 Number of Observations: 7754 Number of Variables: 14 Organization of file: 1 Observation per Household/Year/busnness (HHID/WAVE/HHBUSNUM) China Health and Nutrition Study (CHNS) Household Small busnness Income (BUSN_12) 1989-2011 15:16 Tuesday, May 1, 2018 1 DATA SET: busn_12 LABEL: CHNS Household Small busnness Income 1989-2011 DATE CREATED: 01MAY18:15:27:25 Number of Observations: 7754 Number of Variables: 14 Organizatio"
CHNS/download ever/变量表合并/c12diet.pdf,材料/CHNS/官方材料/变量说明/c12diet.pdf,64862ac065fb94b06d4ad3e80f24df29b3686613fc65d6d36c8974948d69aac5,136107,True,PDF可打开；首页可提取文本,3,"China Health and Nutrition Study (CHNS) Household Food Inventory (nutr1_00) 1989-2011 19:48 Wednesday, October 8, 2014 1 DATA SET: c12diet LABEL: CHNS Constructed Dietary Value(c12diet) 1989-2011 DATE CREATED: 09OCT14:16:13:17 Number of Observations: 102575 Number of Variables: 14 Organization of file: 1 Observation Individual/Year (IDind/WAVE) China Health and Nutrition Study (CHNS) Household Food Inventory (nutr1_00) 1989-2011 19:48 Wednesday, October 8, 2014 1 DATA SET: c12diet LABEL: CHNS Constructed Dietary Value(c12diet) 1989-2011 DATE CREATED: 09OCT14:16:13:17 Number of Observations: 102575 Number of Variables: 14 Organization of file:"
CHNS/download ever/变量表合并/carec_12.pdf,材料/CHNS/官方材料/变量说明/carec_12.pdf,05af4378f656b5b8ae4129d5eac363b31b0241bda7d324f985577ed7af456cb6,144315,True,PDF可打开；首页可提取文本,5,"China Health and Nutrition Study (CHNS) Individual Child Care File (CAREC_12) 1989-2015 15:16 Tuesday, May 1, 2018 1 DATA SET: carec_12 LABEL: CHNS Individual Child Care File 1989-2015 DATE CREATED: 01MAY18:15:28:33 Number of Observations: 7961 Number of Variables: 25 Organization of file: 1 Observation Person/Year (IDIND/WAVE) China Health and Nutrition Study (CHNS) Individual Child Care File (CAREC_12) 1989-2015 15:16 Tuesday, May 1, 2018 1 DATA SET: carec_12 LABEL: CHNS Individual Child Care File 1989-2015 DATE CREATED: 01MAY18:15:28:33 Number of Observations: 7961 Number of Variables: 25 Organization of file: 1 Observation Person/Year (ID"
CHNS/download ever/变量表合并/careh_00.pdf,材料/CHNS/官方材料/变量说明/careh_00.pdf,a908b701d8f0673244de890ed6a5b1113fd61295ff58160ee8710dc9adddb9d5,146993,True,PDF可打开；首页可提取文本,5,"China Health and Nutrition Study (CHNS) Household Child Care (CAREH_00) 1991-2006 09:22 Thursday, February 27, 2014 1 DATA SET: careh_00 LABEL: CHNS Household Child Care 1991-2006 DATE CREATED: 27FEB14:09:34:29 Number of Observations: 3172 Number of Variables: 43 Organization of file: 1 Observation Household/Year (HHID/WAVE) China Health and Nutrition Study (CHNS) Household Child Care (CAREH_00) 1991-2006 09:22 Thursday, February 27, 2014 1 DATA SET: careh_00 LABEL: CHNS Household Child Care 1991-2006 DATE CREATED: 27FEB14:09:34:29 Number of Observations: 3172 Number of Variables: 43 Organization of file: 1 Observation Household/Year (HHID/WA"
CHNS/download ever/变量表合并/CHNS变量汇总.pdf,材料/CHNS/download ever/变量表合并/CHNS变量汇总.pdf,5b4f7bcd66a84db029a5c7928fa3d523a86186b1e3bd5e24f07a8d8c775f333c,6374590,False,PDF可打开；首页可提取文本,311,"DATA SET: asset_12 LABEL: CHNS Household Assets 1989-2015 DATE CREATED: 01MAY18:15:12:51 11:29 Tuesday, May 1, 2018 1 Number of Observations: 44521 Number of Variables: 274 Organization of file: 1 Observation Household/Year (HHID/WAVE) Variable Name Variable Label (VAR) VAR Type VAR Format VAR Length Mean Range of Values Frequency Category Frequency Percent HHID HOUSEHOLD ID Num 8 379694342 111101001 to 552304161 44521 100.00 44521 100.00 COMMID COMMUNITY ID: T1-T4 Num 8 379694.315 111101-552304 44521 100.00 44521 100.00 WAVE SURVEY YEAR Num YR 8 2002.94946 1989 1989 3795 8.52 1991 1991 3619 8.13 1993 1993 3456 7.76 1997 1997 3875 8.70 2000 2"
CHNS/download ever/变量表合并/cropt_00.pdf,材料/CHNS/官方材料/变量说明/cropt_00.pdf,c12b248267e2e9abed2d832319fae5d53fdd5313e0430c56829ace45961223b6,143964,True,PDF可打开；首页可提取文本,4,"China Health and Nutrition Study (CHNS) Household CROP File (CROPT_00) 1989-1997 09:22 Thursday, February 27, 2014 1 DATA SET: cropt_00 LABEL: CHNS Household Crop File 1989-1997 DATE CREATED: 27FEB14:09:51:34 Number of Observations: 21542 Number of Variables: 30 Organization of file: 1 Observation Household/Year/CROP Type (HHID/WAVE/E11) China Health and Nutrition Study (CHNS) Household CROP File (CROPT_00) 1989-1997 09:22 Thursday, February 27, 2014 1 DATA SET: cropt_00 LABEL: CHNS Household Crop File 1989-1997 DATE CREATED: 27FEB14:09:51:34 Number of Observations: 21542 Number of Variables: 30 Organization of file: 1 Observation Household/Y"
CHNS/download ever/变量表合并/dataset relationship.pdf,材料/CHNS/官方材料/变量说明/dataset relationship.pdf,3523e4e6448061bddba3b52b03422e25c362ef2e4e347d1d84211790168240af,175620,True,PDF可打开；首页无可提取文本，待按需OCR,1,
CHNS/download ever/变量表合并/educ_12.pdf,材料/CHNS/官方材料/变量说明/educ_12.pdf,23606c5516119fa79a923cc628ca44cba6d63f3c64ec8f0e6524c8aaa4c5b649,144784,True,PDF可打开；首页可提取文本,5,"China Health and Nutrition Study (CHNS) Individual Education File (educ_12) 1989-2015 15:16 Tuesday, May 1, 2018 1 DATA SET: educ_12 LABEL: Individual Education File 1989-2015 DATE CREATED: 01MAY18:15:29:55 Number of Observations: 134256 Number of Variables: 17 Organization of file: 1 Observation Person/Year (IDIND/WAVE) China Health and Nutrition Study (CHNS) Individual Education File (educ_12) 1989-2015 15:16 Tuesday, May 1, 2018 1 DATA SET: educ_12 LABEL: Individual Education File 1989-2015 DATE CREATED: 01MAY18:15:29:55 Number of Observations: 134256 Number of Variables: 17 Organization of file: 1 Observation Person/Year (IDIND/WAVE) Vari"
CHNS/download ever/变量表合并/emw_12.pdf,材料/CHNS/官方材料/变量说明/emw_12.pdf,93c3d3a4fdce7f4ee3df892ac9b43ebac10a0212f63e026b2aa90de262e6d036,164115,True,PDF可打开；首页可提取文本,11,"China Health and Nutrition Study (CHNS) CHNS Individual Ever Married Women File (emw_12) 1991-2015 15:16 Tuesday, May 1, 2018 1 DATA SET: emw_12 LABEL: CHNS Individual Ever Married Women File 1991-2015 DATE CREATED: 01MAY18:15:31:19 Number of Observations: 26616 Number of Variables: 60 Organization of file: 1 Observation Woman/Year (IDIND/WAVE) China Health and Nutrition Study (CHNS) CHNS Individual Ever Married Women File (emw_12) 1991-2015 15:16 Tuesday, May 1, 2018 1 DATA SET: emw_12 LABEL: CHNS Individual Ever Married Women File 1991-2015 DATE CREATED: 01MAY18:15:31:19 Number of Observations: 26616 Number of Variables: 60 Organization of "
CHNS/download ever/变量表合并/en_00.pdf,材料/CHNS/官方材料/变量说明/en_00.pdf,a504f877650788c2e584381398ed98894e142027a7f6dbc1901208423638f1c1,153064,True,PDF可打开；首页可提取文本,7,"China Health and Nutrition Study (CHNS) Individual Energy(CALTRAC) File (en_00) 1997-2000 09:22 Thursday, February 27, 2014 1 DATA SET: en_00 LABEL: CHNS Individual Energy/CALTRAC File 1997-2000 DATE CREATED: 27FEB14:10:18:06 Number of Observations: 1109 Number of Variables: 55 Organization of file: 1 Observation Individual/Year (IDIND/WAVE) China Health and Nutrition Study (CHNS) Individual Energy(CALTRAC) File (en_00) 1997-2000 09:22 Thursday, February 27, 2014 1 DATA SET: en_00 LABEL: CHNS Individual Energy/CALTRAC File 1997-2000 DATE CREATED: 27FEB14:10:18:06 Number of Observations: 1109 Number of Variables: 55 Organization of file: 1 Obs"
CHNS/download ever/变量表合并/farmg_12.pdf,材料/CHNS/官方材料/变量说明/farmg_12.pdf,bb3e38e84c46989f739485fadf6e135db110dd331534d2a6b62fe0f2e087caaa,146367,True,PDF可打开；首页可提取文本,5,"China Health and Nutrition Study (CHNS) Farm and Garding Income File (farmg_12) 1989-2015 15:16 Tuesday, May 1, 2018 1 DATA SET: farmg_12 LABEL: CHNS Individual Farm/Gardfarmg File 1989-2015 DATE CREATED: 01MAY18:15:32:24 Number of Observations: 42874 Number of Variables: 29 Organization of file: 1 Observation Individual/Year (IDIND/WAVE) China Health and Nutrition Study (CHNS) Farm and Garding Income File (farmg_12) 1989-2015 15:16 Tuesday, May 1, 2018 1 DATA SET: farmg_12 LABEL: CHNS Individual Farm/Gardfarmg File 1989-2015 DATE CREATED: 01MAY18:15:32:24 Number of Observations: 42874 Number of Variables: 29 Organization of file: 1 Observati"
CHNS/download ever/变量表合并/farmh_12.pdf,材料/CHNS/官方材料/变量说明/farmh_12.pdf,85c7cd47df78d831727e80b2294844305e6bb43928e277c38a6b529317a37788,141954,True,PDF可打开；首页可提取文本,4,"China Health and Nutrition Study (CHNS) Household Farming File (farmh_12) 1991-2015 15:16 Tuesday, May 1, 2018 1 DATA SET: farmh_12 LABEL: CHNS Household Farming File 1991-2015 DATE CREATED: 01MAY18:15:33:37 Number of Observations: 16529 Number of Variables: 23 Organization of file: 1 Observation Household/Year (HHID/WAVE) China Health and Nutrition Study (CHNS) Household Farming File (farmh_12) 1991-2015 15:16 Tuesday, May 1, 2018 1 DATA SET: farmh_12 LABEL: CHNS Household Farming File 1991-2015 DATE CREATED: 01MAY18:15:33:37 Number of Observations: 16529 Number of Variables: 23 Organization of file: 1 Observation Household/Year (HHID/WAVE) "
CHNS/download ever/变量表合并/fishh_12.pdf,材料/CHNS/官方材料/变量说明/fishh_12.pdf,e8bc49f57d821337c6a0087a10de6f7476a1d4a9eecdadeb623e24bd1babd32f,142828,True,PDF可打开；首页可提取文本,4,"China Health and Nutrition Study (CHNS) Household Fishing File (fishh_12) 1989-2015 15:16 Tuesday, May 1, 2018 1 DATA SET: fishh_12 LABEL: CHNS Household Fishing File 1989-2015 DATE CREATED: 01MAY18:15:34:39 Number of Observations: 816 Number of Variables: 22 Organization of file: 1 Observation Household/Year (HHID/WAVE) China Health and Nutrition Study (CHNS) Household Fishing File (fishh_12) 1989-2015 15:16 Tuesday, May 1, 2018 1 DATA SET: fishh_12 LABEL: CHNS Household Fishing File 1989-2015 DATE CREATED: 01MAY18:15:34:39 Number of Observations: 816 Number of Variables: 22 Organization of file: 1 Observation Household/Year (HHID/WAVE) Vari"
CHNS/download ever/变量表合并/fishi_12.pdf,材料/CHNS/官方材料/变量说明/fishi_12.pdf,120b6f62f20af29c34eb47648c04fa9ce929577c1332526b7324f9a036f2a338,143573,True,PDF可打开；首页可提取文本,4,"China Health and Nutrition Study (CHNS) Individual Fishing File (fishi_12) 1989-2015 15:16 Tuesday, May 1, 2018 1 DATA SET: fishi_12 LABEL: CHNS Individual Fishing Income File 1989-2015 DATE CREATED: 01MAY18:15:35:29 Number of Observations: 1016 Number of Variables: 23 Organization of file: 1 Observation per individual/year (IDIND/WAVE) China Health and Nutrition Study (CHNS) Individual Fishing File (fishi_12) 1989-2015 15:16 Tuesday, May 1, 2018 1 DATA SET: fishi_12 LABEL: CHNS Individual Fishing Income File 1989-2015 DATE CREATED: 01MAY18:15:35:29 Number of Observations: 1016 Number of Variables: 23 Organization of file: 1 Observation per i"
CHNS/download ever/变量表合并/foods_00.pdf,材料/CHNS/官方材料/变量说明/foods_00.pdf,71a01047345cd1c0cdf47210f3dc4d82691127cf9431edd2c3e4f08b6aeb9922,143396,True,PDF可打开；首页可提取文本,4,"China Health and Nutrition Study (CHNS) Household Food Sources File (foods_00) 1991-1997 09:22 Thursday, February 27, 2014 1 DATA SET: foods_00 LABEL: CHNS Household Food Sources File 1991-1997 DATE CREATED: 27FEB14:10:44:45 Number of Observations: 75386 Number of Variables: 21 Organization of file: 1 Observation Household/Food Item/Year (HHID/V5/WAVE) China Health and Nutrition Study (CHNS) Household Food Sources File (foods_00) 1991-1997 09:22 Thursday, February 27, 2014 1 DATA SET: foods_00 LABEL: CHNS Household Food Sources File 1991-1997 DATE CREATED: 27FEB14:10:44:45 Number of Observations: 75386 Number of Variables: 21 Organization of "
CHNS/download ever/变量表合并/gardh_12.pdf,材料/CHNS/官方材料/变量说明/gardh_12.pdf,2225960d0ce0fd86207f0aed17c0d9eaaa0f43a25a8853988d6749b8e43596c5,141791,True,PDF可打开；首页可提取文本,4,"China Health and Nutrition Study (CHNS) Household Gardening File (gardh_12) 1989-2015 15:16 Tuesday, May 1, 2018 1 DATA SET: gardh_12 LABEL: CHNS Household Gardening File 1989-2015 DATE CREATED: 01MAY18:15:36:20 Number of Observations: 18334 Number of Variables: 16 Organization of file: 1 Observation Household/Year (HHID/WAVE) China Health and Nutrition Study (CHNS) Household Gardening File (gardh_12) 1989-2015 15:16 Tuesday, May 1, 2018 1 DATA SET: gardh_12 LABEL: CHNS Household Gardening File 1989-2015 DATE CREATED: 01MAY18:15:36:20 Number of Observations: 18334 Number of Variables: 16 Organization of file: 1 Observation Household/Year (HHI"
CHNS/download ever/变量表合并/hlth_12.pdf,材料/CHNS/官方材料/变量说明/hlth_12.pdf,80b9794b073194fd5855ac33af6dcd2e7c13f0686e378daeee6a1be9a807ad60,174552,True,PDF可打开；首页可提取文本,15,"China Health and Nutrition Study (CHNS) Individual Health Care File (hlth_12) 1989-2015 15:16 Tuesday, May 1, 2018 1 DATA SET: hlth_12 LABEL: CHNS Individual Health Care File 1989-2015 DATE CREATED: 01MAY18:15:52:31 Number of Observations: 127761 Number of Variables: 78 Organization of file: 1 Observation Person/Year (IDIND/WAVE) China Health and Nutrition Study (CHNS) Individual Health Care File (hlth_12) 1989-2015 15:16 Tuesday, May 1, 2018 1 DATA SET: hlth_12 LABEL: CHNS Individual Health Care File 1989-2015 DATE CREATED: 01MAY18:15:52:31 Number of Observations: 127761 Number of Variables: 78 Organization of file: 1 Observation Person/Year"
CHNS/download ever/变量表合并/infed_00.pdf,材料/CHNS/官方材料/变量说明/infed_00.pdf,4515c1f0ba2a78e417b27f689d11185fe12f94931ed7299d905a475f6170ff9d,138205,True,PDF可打开；首页可提取文本,3,"China Health and Nutrition Study (CHNS) Infant Feeding File (infed_00) 1989-1993 09:22 Thursday, February 27, 2014 1 DATA SET: infed_00 LABEL: CHNS Infant Feeding File 1989-1993 DATE CREATED: 27FEB14:11:27:39 Number of Observations: 5339 Number of Variables: 13 Organization of file: 1 Observation Woman/Year/Infant Food (IDIND/WAVE/S102) China Health and Nutrition Study (CHNS) Infant Feeding File (infed_00) 1989-1993 09:22 Thursday, February 27, 2014 1 DATA SET: infed_00 LABEL: CHNS Infant Feeding File 1989-1993 DATE CREATED: 27FEB14:11:27:39 Number of Observations: 5339 Number of Variables: 13 Organization of file: 1 Observation Woman/Year/In"
CHNS/download ever/变量表合并/infnt_00.pdf,材料/CHNS/官方材料/变量说明/infnt_00.pdf,bda432fcdec9cfacce5f88d30a0bb83c472432734855dffb744032fa60deb422,139509,True,PDF可打开；首页可提取文本,3,"China Health and Nutrition Study (CHNS) Infant Feeding Survey (infnt_00) 1989 09:22 Thursday, February 27, 2014 1 DATA SET: infnt_00 LABEL: CHNS Infant/Toddler Feeding File 1989 DATE CREATED: 27FEB14:12:18:00 Number of Observations: 1822 Number of Variables: 16 Organization of file: 1 Observation Child (IDIND) China Health and Nutrition Study (CHNS) Infant Feeding Survey (infnt_00) 1989 09:22 Thursday, February 27, 2014 1 DATA SET: infnt_00 LABEL: CHNS Infant/Toddler Feeding File 1989 DATE CREATED: 27FEB14:12:18:00 Number of Observations: 1822 Number of Variables: 16 Organization of file: 1 Observation Child (IDIND) Variable Name Variable Lab"
CHNS/download ever/变量表合并/ins_12.pdf,材料/CHNS/官方材料/变量说明/ins_12.pdf,5ee8f6357af56daddcf453a4fca029adc23ba8d7a08976e825d3f4988e3ec536,155680,True,PDF可打开；首页可提取文本,8,"China Health and Nutrition Study (CHNS) Individual Medical Insurance File (ins_12) 1989-2015 15:16 Tuesday, May 1, 2018 1 DATA SET: ins_12 LABEL: CHNS Individual Medical Insurance File 1989-2015 DATE CREATED: 01MAY18:15:53:48 Number of Observations: 128728 Number of Variables: 52 Organization of file: 1 Observation Person/Year (IDIND/WAVE) China Health and Nutrition Study (CHNS) Individual Medical Insurance File (ins_12) 1989-2015 15:16 Tuesday, May 1, 2018 1 DATA SET: ins_12 LABEL: CHNS Individual Medical Insurance File 1989-2015 DATE CREATED: 01MAY18:15:53:48 Number of Observations: 128728 Number of Variables: 52 Organization of file: 1 Obs"
CHNS/download ever/变量表合并/jobs_12.pdf,材料/CHNS/官方材料/变量说明/jobs_12.pdf,e5ab5557bc13c6d85526153ae91b57b965b04a61ebefe38d4eacdd6e5cb36e8f,156963,True,PDF可打开；首页可提取文本,9,"China Health and Nutrition Study (CHNS) Individual Jobs File (jobs_12) 1989-2015 15:16 Tuesday, May 1, 2018 1 DATA SET: jobs_12 LABEL: CHNS Individual Jobs File 1989-2015 DATE CREATED: 01MAY18:15:54:43 Number of Observations: 117227 Number of Variables: 31 Organization of file: 1 Observation Person/Year (IDIND/WAVE) China Health and Nutrition Study (CHNS) Individual Jobs File (jobs_12) 1989-2015 15:16 Tuesday, May 1, 2018 1 DATA SET: jobs_12 LABEL: CHNS Individual Jobs File 1989-2015 DATE CREATED: 01MAY18:15:54:43 Number of Observations: 117227 Number of Variables: 31 Organization of file: 1 Observation Person/Year (IDIND/WAVE) Variable Name "
CHNS/download ever/变量表合并/liveh_12.pdf,材料/CHNS/官方材料/变量说明/liveh_12.pdf,3d0a61e2894711c456e7bbae97cbfce3c1d705c81a5a5fa86e16c6264bfceaf8,138299,True,PDF可打开；首页可提取文本,3,"China Health and Nutrition Study (CHNS) Household Livestock File (liveh_12) 1991-2015 15:16 Tuesday, May 1, 2018 1 DATA SET: liveh_12 LABEL: CHNS Household Livestock 1991-2015 DATE CREATED: 01MAY18:15:56:00 Number of Observations: 12474 Number of Variables: 13 Organization of file: 1 Observation Household/Year (HHID/WAVE) China Health and Nutrition Study (CHNS) Household Livestock File (liveh_12) 1991-2015 15:16 Tuesday, May 1, 2018 1 DATA SET: liveh_12 LABEL: CHNS Household Livestock 1991-2015 DATE CREATED: 01MAY18:15:56:00 Number of Observations: 12474 Number of Variables: 13 Organization of file: 1 Observation Household/Year (HHID/WAVE) Va"
CHNS/download ever/变量表合并/livei_12.pdf,材料/CHNS/官方材料/变量说明/livei_12.pdf,029019b60cc7bac04786f9a9a94d3bb0a8c64123935eb9d73ca633dda26741b1,143468,True,PDF可打开；首页可提取文本,4,"China Health and Nutrition Study (CHNS) Individual Livestock Income File (livei_12) 1989-2015 15:16 Tuesday, May 1, 2018 1 DATA SET: livei_12 LABEL: CHNS Individual Livestock Income 1989-2015 DATE CREATED: 01MAY18:15:56:47 Number of Observations: 20409 Number of Variables: 22 Organization of file: 1 Observation Person/Year (IDIND/WAVE) China Health and Nutrition Study (CHNS) Individual Livestock Income File (livei_12) 1989-2015 15:16 Tuesday, May 1, 2018 1 DATA SET: livei_12 LABEL: CHNS Individual Livestock Income 1989-2015 DATE CREATED: 01MAY18:15:56:47 Number of Observations: 20409 Number of Variables: 22 Organization of file: 1 Observation"
CHNS/download ever/变量表合并/livet_12.pdf,材料/CHNS/官方材料/变量说明/livet_12.pdf,a289df8efa0a9fdfc7563e80918d197ff1db4d98de745e3cb24f19c2c24bf9da,145155,True,PDF可打开；首页可提取文本,5,"China Health and Nutrition Study (CHNS) Household Livestock Type (livet_12) 1989-2015 15:16 Tuesday, May 1, 2018 1 DATA SET: livet_12 LABEL: CHNS Household Livestock Type 1989-2015 DATE CREATED: 01MAY18:15:57:42 Number of Observations: 25249 Number of Variables: 24 Organization of file: 1 Observation Household/Year/Livestock Number (HHID/WAVE/F11) China Health and Nutrition Study (CHNS) Household Livestock Type (livet_12) 1989-2015 15:16 Tuesday, May 1, 2018 1 DATA SET: livet_12 LABEL: CHNS Household Livestock Type 1989-2015 DATE CREATED: 01MAY18:15:57:42 Number of Observations: 25249 Number of Variables: 24 Organization of file: 1 Observatio"
CHNS/download ever/变量表合并/mast_pub_12.pdf,材料/CHNS/官方材料/变量说明/mast_pub_12.pdf,c40f0fdd38ff46db25f6c97522c317c495022fd9ec3321c4f37b2e50a32dad38,137524,True,PDF可打开；首页可提取文本,3,"China Health and Nutrition Study (CHNS) Master Individual ID File (MAST_pub_12) 1989-2015 11:47 Monday, August 19, 2019 1 DATA SET: MAST_pub_12 LABEL: CHNS Master Individual ID File through 2015 DATE CREATED: 19AUG19:13:00:02 Number of Observations: 44453 Number of Variables: 12 Organization of file: 1 Obs per Respondent (IDind) Variable Name Variable Label (VAR) VAR Type VAR Format VAR Length Mean Range of Values Frequency Category Frequency Percent DOD_Y Date of Death,YYYY Num 8 1999.08467 -998-2015 2303 5.18 2303 5.18 MOON_DOB Lunar Date of Birth, YYYYMMDD Num 8 19696727.3 18980112 to 20150829 44419 99.92 44419 99.92 WEST_DOB Western Date "
CHNS/download ever/变量表合并/media_00.pdf,材料/CHNS/官方材料/变量说明/media_00.pdf,dbbcd7f5f0da091c57d6376de6f68bb66d80fcc2121d45595847d733b63b4cf7,150912,True,PDF可打开；首页可提取文本,7,"China Health and Nutrition Study (CHNS) EMW MASS MEDIA File (media_00) 2000-2011 09:22 Thursday, February 27, 2014 1 DATA SET: media_00 LABEL: CHNS EMW MASS MEDIA File 2000-2011 DATE CREATED: 27FEB14:13:45:44 Number of Observations: 7283 Number of Variables: 34 Organization of file: 1 Observation Woman/Year (IDIND/WAVE) China Health and Nutrition Study (CHNS) EMW MASS MEDIA File (media_00) 2000-2011 09:22 Thursday, February 27, 2014 1 DATA SET: media_00 LABEL: CHNS EMW MASS MEDIA File 2000-2011 DATE CREATED: 27FEB14:13:45:44 Number of Observations: 7283 Number of Variables: 34 Organization of file: 1 Observation Woman/Year (IDIND/WAVE) Variab"
CHNS/download ever/变量表合并/medsv_00.pdf,材料/CHNS/官方材料/变量说明/medsv_00.pdf,261b3d71e97e1f161cb5db1f92ad80a90cf1a79086d8f08c7af3e53601b6d7c3,145610,True,PDF可打开；首页可提取文本,5,"China Health and Nutrition Study (CHNS) Household Medical Facilities (medsv_00) 1989-2006 09:22 Thursday, February 27, 2014 1 DATA SET: medsv_00 LABEL: CHNS Household Medical Facilities File 1989-2006 DATE CREATED: 27FEB14:13:55:28 Number of Observations: 44995 Number of Variables: 19 Organization of file: 1 Observation Household/Health Facility/Year (HHID/M12/WAVE) China Health and Nutrition Study (CHNS) Household Medical Facilities (medsv_00) 1989-2006 09:22 Thursday, February 27, 2014 1 DATA SET: medsv_00 LABEL: CHNS Household Medical Facilities File 1989-2006 DATE CREATED: 27FEB14:13:55:28 Number of Observations: 44995 Number of Variables"
CHNS/download ever/变量表合并/oinc_12.pdf,材料/CHNS/官方材料/变量说明/oinc_12.pdf,2b713e96f303d0be8a3683cf314c62c55d4ccaab25e8a01bc9e3aff8c62dff3e,149688,True,PDF可打开；首页可提取文本,7,"China Health and Nutrition Study (CHNS) Household Other Income File (oinc_12) 1989-2015 15:16 Tuesday, May 1, 2018 1 DATA SET: oinc_12 LABEL: CHNS Household Other Income 1989-2015 DATE CREATED: 01MAY18:16:22:47 Number of Observations: 22985 Number of Variables: 39 Organization of file: 1 Observation Household/Year (HHID/WAVE) China Health and Nutrition Study (CHNS) Household Other Income File (oinc_12) 1989-2015 15:16 Tuesday, May 1, 2018 1 DATA SET: oinc_12 LABEL: CHNS Household Other Income 1989-2015 DATE CREATED: 01MAY18:16:22:47 Number of Observations: 22985 Number of Variables: 39 Organization of file: 1 Observation Household/Year (HHID/"
CHNS/download ever/变量表合并/pact_12.pdf,材料/CHNS/官方材料/变量说明/pact_12.pdf,9012af4022888e8dcc3987e6cc6b494a84c4b1c7503311c9f56e63bcaebaafd1,254366,True,PDF可打开；首页可提取文本,43,"China Health and Nutrition Study (CHNS) Physical Activity (pact_12) 1989-2015 15:16 Tuesday, May 1, 2018 1 DATA SET: pact_12 LABEL: CHNS Physical Activity 1989-2015 DATE CREATED: 01MAY18:16:25:04 Number of Observations: 125740 Number of Variables: 276 Organization of file: 1 Observation Individual/Year (IDIND/WAVE) Variable Name Variable Label (VAR) VAR Type VAR Format VAR Length Mean Range of Values Frequency Category Frequency Percent IDIND INDIVIDUAL ID Num 8 3.84839E11 1.11101E11 to 5.523042E11 125740 100.00 125740 100.00 HHID HOUSEHOLD ID Num 8 384838673 111101001 to 552304161 125740 100.00 125740 100.00 LINE INDIVIDUAL LINE NUMBER Num 8"
CHNS/download ever/变量表合并/pexam_pub_12.pdf,材料/CHNS/官方材料/变量说明/pexam_pub_12.pdf,0ff0636007f53a2ee58260efba42fbb837c1c464ce7010e068aae0117111c60d,196225,True,PDF可打开；首页可提取文本,22,"China Health and Nutrition Study (CHNS) Physical Examination (pexam_10) 1989-2015 14:18 Monday, August 5, 2019 1 DATA SET: pexam_pub_12 LABEL: CHNS Physical Examination 1989-2015 DATE CREATED: 05AUG19:14:33:54 Number of Observations: 115201 Number of Variables: 132 Organization of file: 1 Observation Individual/Year (IDIND/WAVE) Variable Name Variable Label (VAR) VAR Type VAR Format VAR Length Mean Range of Values Frequency Category Frequency Percent IDIND INDIVIDUAL ID Num 8 3.86943E11 1.11101E11 to 6.12404E11 115201 100.00 115201 100.00 HHID HOUSEHOLD ID Num 8 386942670 111101001 to 612404020 115201 100.00 115201 100.00 LINE INDIVIDUAL LINE"
CHNS/download ever/变量表合并/preg_12.pdf,材料/CHNS/官方材料/变量说明/preg_12.pdf,f96a412eaccfabd03d83a007f9a8c661c092c8dea2ac3eeac5dbf6ab21293f0c,150045,True,PDF可打开；首页可提取文本,6,"China Health and Nutrition Study (CHNS) Pregnancy History File (preg_12) 1991-2015 15:16 Tuesday, May 1, 2018 1 DATA SET: preg_12 LABEL: CHNS Pregnancy History File 1991-2015 DATE CREATED: 01MAY18:16:27:13 Number of Observations: 4126 Number of Variables: 30 Organization of file: 1 Observation Woman/Pregnancy/Year (IDIND_M/IDIND_C/WAVE) China Health and Nutrition Study (CHNS) Pregnancy History File (preg_12) 1991-2015 15:16 Tuesday, May 1, 2018 1 DATA SET: preg_12 LABEL: CHNS Pregnancy History File 1991-2015 DATE CREATED: 01MAY18:16:27:13 Number of Observations: 4126 Number of Variables: 30 Organization of file: 1 Observation Woman/Pregnancy/"
CHNS/download ever/变量表合并/pstress_12.pdf,材料/CHNS/官方材料/变量说明/pstress_12.pdf,cb65439e374aa0c5c0232734cf7d306bed404f5b6d2758528a738884b3fdd003,140742,True,PDF可打开；首页可提取文本,4,"China Health and Nutrition Study (CHNS) Physical Examination (pstress_12) 2015-2015 15:16 Tuesday, May 1, 2018 1 DATA SET: pstress_12 LABEL: CHNS Physical Examination 2015-2015 DATE CREATED: 01MAY18:16:28:00 Number of Observations: 12865 Number of Variables: 24 Organization of file: 1 Observation Individual/Year (IDIND/WAVE) China Health and Nutrition Study (CHNS) Physical Examination (pstress_12) 2015-2015 15:16 Tuesday, May 1, 2018 1 DATA SET: pstress_12 LABEL: CHNS Physical Examination 2015-2015 DATE CREATED: 01MAY18:16:28:00 Number of Observations: 12865 Number of Variables: 24 Organization of file: 1 Observation Individual/Year (IDIND/WA"
CHNS/download ever/变量表合并/relationMast_pub_00.pdf,材料/CHNS/官方材料/变量说明/relationmast_pub_00.pdf,57db4129ae2d87580b3ccff90b9b836c022f8e8f6321700265db6e7e1d111cb1,138073,True,PDF可打开；首页可提取文本,4,"China Health and Nutrition Study (CHNS) Mast Relationship File (rst_00) 1989-2011 10:01 Thursday, November 20, 2014 1 DATA SET: relationMast_pub_00 LABEL: CHNS Household member relationship Data 1989-2011 DATE CREATED: 21NOV14:17:16:11 Number of Observations: 82734 Number of Variables: 9 Organization of file: 1 Observation per person 1 with person 2/hhid (IDIND_1 IDIND_2/HHID) China Health and Nutrition Study (CHNS) Mast Relationship File (rst_00) 1989-2011 10:01 Thursday, November 20, 2014 1 DATA SET: relationMast_pub_00 LABEL: CHNS Household member relationship Data 1989-2011 DATE CREATED: 21NOV14:17:16:11 Number of Observations: 82734 Numb"
CHNS/download ever/变量表合并/rst_12.pdf,材料/CHNS/官方材料/变量说明/rst_12.pdf,8f915d5b583fe70b7e4e8e6cd3a46c9ae1d4a734f154ffac098a4f918fc98ea6,165587,True,PDF可打开；首页可提取文本,11,"China Health and Nutrition Study (CHNS) Roster File (rst_12) 1989-2015 15:16 Tuesday, May 1, 2018 1 DATA SET: rst_12 LABEL: CHNS Individual Roster Data 1989-2015 DATE CREATED: 01MAY18:16:29:10 Number of Observations: 180582 Number of Variables: 67 Organization of file: 1 Observation per person/year (IDIND/WAVE) China Health and Nutrition Study (CHNS) Roster File (rst_12) 1989-2015 15:16 Tuesday, May 1, 2018 1 DATA SET: rst_12 LABEL: CHNS Individual Roster Data 1989-2015 DATE CREATED: 01MAY18:16:29:10 Number of Observations: 180582 Number of Variables: 67 Organization of file: 1 Observation per person/year (IDIND/WAVE) Variable Name Variable L"
CHNS/download ever/变量表合并/subf_00.pdf,材料/CHNS/官方材料/变量说明/subf_00.pdf,82f80d63592574257a6612337a74b7a8f7bebdea2928e693f10eddb539886dee,138126,True,PDF可打开；首页可提取文本,3,"China Health and Nutrition Study (CHNS) Household Food Subsidies (subf_00) 1989-1993 09:22 Thursday, February 27, 2014 1 DATA SET: subf_00 LABEL: CHNS Food Subsidies 1989-1993 DATE CREATED: 27FEB14:15:31:48 Number of Observations: 12023 Number of Variables: 12 Organization of file: 1 Observation Household/Year/Food Item (HHID/WAVE/I2) China Health and Nutrition Study (CHNS) Household Food Subsidies (subf_00) 1989-1993 09:22 Thursday, February 27, 2014 1 DATA SET: subf_00 LABEL: CHNS Food Subsidies 1989-1993 DATE CREATED: 27FEB14:15:31:48 Number of Observations: 12023 Number of Variables: 12 Organization of file: 1 Observation Household/Year/F"
CHNS/download ever/变量表合并/subh_12.pdf,材料/CHNS/官方材料/变量说明/subh_12.pdf,27f3006f81648a4aa3b3aef50430adb85dc5fcfe556bb94838562232a48349b8,141027,True,PDF可打开；首页可提取文本,4,"China Health and Nutrition Study (CHNS) Household Subsidies File (subh_12) 1989-2015 15:16 Tuesday, May 1, 2018 1 DATA SET: subh_12 LABEL: CHNS Household Subsidies 1989-2015 DATE CREATED: 01MAY18:16:30:21 Number of Observations: 10891 Number of Variables: 20 Organization of file: 1 Observation Household/Year (HHID/WAVE) China Health and Nutrition Study (CHNS) Household Subsidies File (subh_12) 1989-2015 15:16 Tuesday, May 1, 2018 1 DATA SET: subh_12 LABEL: CHNS Household Subsidies 1989-2015 DATE CREATED: 01MAY18:16:30:21 Number of Observations: 10891 Number of Variables: 20 Organization of file: 1 Observation Household/Year (HHID/WAVE) Variab"
CHNS/download ever/变量表合并/subi_00.pdf,材料/CHNS/官方材料/变量说明/subi_00.pdf,a2c47f6f4c8a330ce8f5ba266f793dd98994064942701d45a8fcb4907ac4b11c,137542,True,PDF可打开；首页可提取文本,3,"China Health and Nutrition Study (CHNS) Individual Subsidies (subi_00) 1989-2006 09:22 Thursday, February 27, 2014 1 DATA SET: subi_00 LABEL: CHNS Individual Subsidy Income 1989-2006 DATE CREATED: 27FEB14:15:43:42 Number of Observations: 14835 Number of Variables: 18 Organization of file: 1 Observation per person/year (IDIND/WAVE) China Health and Nutrition Study (CHNS) Individual Subsidies (subi_00) 1989-2006 09:22 Thursday, February 27, 2014 1 DATA SET: subi_00 LABEL: CHNS Individual Subsidy Income 1989-2006 DATE CREATED: 27FEB14:15:43:42 Number of Observations: 14835 Number of Variables: 18 Organization of file: 1 Observation per person/ye"
CHNS/download ever/变量表合并/surveys_pub_12.pdf,材料/CHNS/官方材料/变量说明/surveys_pub_12.pdf,4fb1528245ef26cca7e9c28531083c7926ca58f230eb4238d6b9d47a77a28144,143120,True,PDF可打开；首页可提取文本,4,"China Health and Nutrition Study (CHNS) Survey File (SURVEYS_pub_12) 1989-2015 15:16 Tuesday, May 1, 2018 1 DATA SET: surveys_pub_12 LABEL: CHNS surveys File 1989-2011 DATE CREATED: 01MAY18:16:34:40 Number of Observations: 143564 Number of Variables: 20 Organization of file: 1 Obs per Respondent/Year (IDind/wave) China Health and Nutrition Study (CHNS) Survey File (SURVEYS_pub_12) 1989-2015 15:16 Tuesday, May 1, 2018 1 DATA SET: surveys_pub_12 LABEL: CHNS surveys File 1989-2011 DATE CREATED: 01MAY18:16:34:40 Number of Observations: 143564 Number of Variables: 20 Organization of file: 1 Obs per Respondent/Year (IDind/wave) Variable Name Variab"
CHNS/download ever/变量表合并/timea_12.pdf,材料/CHNS/官方材料/变量说明/timea_12.pdf,69c1ad962936b1dd5a6d6b5c173f78477eda396afcb30501364e5dd0dbc1d55a,147729,True,PDF可打开；首页可提取文本,6,"China Health and Nutrition Study (CHNS) Individual Time Allocation File (timea_12) 1989-2015 15:16 Tuesday, May 1, 2018 1 DATA SET: timea_12 LABEL: CHNS Individual Time Allocation File 1989-2015 DATE CREATED: 01MAY18:16:38:29 Number of Observations: 123364 Number of Variables: 33 Organization of file: 1 Observation per person/year (IDIND/WAVE) China Health and Nutrition Study (CHNS) Individual Time Allocation File (timea_12) 1989-2015 15:16 Tuesday, May 1, 2018 1 DATA SET: timea_12 LABEL: CHNS Individual Time Allocation File 1989-2015 DATE CREATED: 01MAY18:16:38:29 Number of Observations: 123364 Number of Variables: 33 Organization of file: 1"
CHNS/download ever/变量表合并/URBAN_11.pdf,材料/CHNS/官方材料/变量说明/urban_11.pdf,5c885823f82ac7741ade4612879854a64022fc37ae1e78e0c9221f8035991a5d,141913,True,PDF可打开；首页可提取文本,4,"Program(\\chnscons\urbanization\Urban_15\PGM\URBAN_10.SAS) DATE(01MAY18) CHNS Urbanization Index - Longitudinal Version (URBAN_11) 1989-2015 16:41 Tuesday, May 1, 2018 1 DATA SET: URBAN_11 LABEL: DATE CREATED: 02MAY18:09:51:50 Number of Observations: 2207 Number of Variables: 20 Organization of file: 1 Obs per Community/Year (COMMID/WAVE) Program(\\chnscons\urbanization\Urban_15\PGM\URBAN_10.SAS) DATE(01MAY18) CHNS Urbanization Index - Longitudinal Version (URBAN_11) 1989-2015 16:41 Tuesday, May 1, 2018 1 DATA SET: URBAN_11 LABEL: DATE CREATED: 02MAY18:09:51:50 Number of Observations: 2207 Number of Variables: 20 Organization of file: 1 Obs p"
CHNS/download ever/变量表合并/wages_12.pdf,材料/CHNS/官方材料/变量说明/wages_12.pdf,8ba8f6d7e58c198ad7e1784117772032503367550725169d10734e63977b7ea4,146787,True,PDF可打开；首页可提取文本,5,"China Health and Nutrition Study (CHNS) Individual Earnings/Wages File (wages_12) 1989-2015 15:16 Tuesday, May 1, 2018 1 DATA SET: wages_12 LABEL: CHNS Individual Earnings/Wages File 1989-2015 DATE CREATED: 01MAY18:16:39:13 Number of Observations: 62029 Number of Variables: 32 Organization of file: 1 Observation Person/Year/Job (IDIND/WAVE/JOB) China Health and Nutrition Study (CHNS) Individual Earnings/Wages File (wages_12) 1989-2015 15:16 Tuesday, May 1, 2018 1 DATA SET: wages_12 LABEL: CHNS Individual Earnings/Wages File 1989-2015 DATE CREATED: 01MAY18:16:39:13 Number of Observations: 62029 Number of Variables: 32 Organization of file: 1 O"
CHNS/download ever/变量表合并/wed_12.pdf,材料/CHNS/官方材料/变量说明/wed_12.pdf,fa85eb9cfd98f3908190ef68e3c975cb0573ad121c9f97d4aaeae48aae3f7c23,162873,True,PDF可打开；首页可提取文本,11,"China Health and Nutrition Study (CHNS) Marriage History File (wed_12) 1991-2015 15:16 Tuesday, May 1, 2018 1 DATA SET: wed_12 LABEL: CHNS Marriage History File 1991-2015 DATE CREATED: 01MAY18:16:39:57 Number of Observations: 26596 Number of Variables: 66 Organization of file: 1 Observation Woman/Year (IDIND/WAVE) China Health and Nutrition Study (CHNS) Marriage History File (wed_12) 1991-2015 15:16 Tuesday, May 1, 2018 1 DATA SET: wed_12 LABEL: CHNS Marriage History File 1991-2015 DATE CREATED: 01MAY18:16:39:57 Number of Observations: 26596 Number of Variables: 66 Organization of file: 1 Observation Woman/Year (IDIND/WAVE) Variable Name Vari"
