source_relative_to_database,skill_relative,sha256,bytes,duplicate,inspection,pages,opening_text
SHARE/官方材料/codebook/SHARE Corona Survey 1/CATI - CATI_codebook.pdf,材料/SHARE/官方材料/codebook/SHARE Corona Survey 1/CATI - CATI_codebook.pdf,091003a716e643a074ca78a4522528fa87da62cd4594764f6c5d3f4eaef2ef6b,220509,False,PDF可打开；首页可提取文本,75,"SHARE Corona Survey > SHARE Corona Survey 1 Module CATI CATI Language: Generic © 2022 MEA All rights reserved. Nothing from this publication may be reproduced, stored in a computer database, or made public in any form or by any means, be it electronically, mechanically, through photocopies, recordings or otherwise, without the prior written consent of the publisher. "
SHARE/官方材料/codebook/SHARE Corona Survey 2/CATI - CATI_codebook.pdf,材料/SHARE/官方材料/codebook/SHARE Corona Survey 2/CATI - CATI_codebook.pdf,60dfb738876ff003b92fd96729c59dc43d69a5bbb7b69e1a6f701575f03f0344,326382,False,PDF可打开；首页可提取文本,109,"SHARE Corona Survey > SHARE Corona Survey 2 Module CATI CATI Language: Generic © 2022 MEA All rights reserved. Nothing from this publication may be reproduced, stored in a computer database, or made public in any form or by any means, be it electronically, mechanically, through photocopies, recordings or otherwise, without the prior written consent of the publisher. "
SHARE/官方材料/codebook/SHARE wave 1/AC - Activities_codebook.pdf,材料/SHARE/官方材料/codebook/SHARE wave 1/AC - Activities_codebook.pdf,3938c27e6295cd2ac8656b0b9e64233376287a37b7768946e35a1a3f242612b2,35454,False,PDF可打开；首页可提取文本,10,"SHARE > SHARE wave 1 Module AC Activities Language: Generic © 2016 MEA All rights reserved. Nothing from this publication may be reproduced, stored in a computer database, or made public in any form or by any means, be it electronically, mechanically, through photocopies, recordings or otherwise, without the prior written consent of the publisher. "
SHARE/官方材料/codebook/SHARE wave 1/AS - Assets_codebook.pdf,材料/SHARE/官方材料/codebook/SHARE wave 1/AS - Assets_codebook.pdf,ec99ae2d3082e35966c90cb4d85ad5c1dae8e30f03fbce4c7eb0133ae0c03391,104386,False,PDF可打开；首页可提取文本,32,"SHARE > SHARE wave 1 Module AS Assets Language: Generic © 2016 MEA All rights reserved. Nothing from this publication may be reproduced, stored in a computer database, or made public in any form or by any means, be it electronically, mechanically, through photocopies, recordings or otherwise, without the prior written consent of the publisher. "
SHARE/官方材料/codebook/SHARE wave 1/BR - Behavioral risk_codebook.pdf,材料/SHARE/官方材料/codebook/SHARE wave 1/BR - Behavioral risk_codebook.pdf,5f2dc1c016b7bcb6ec41ab36dfb8d3b172d978360e8a882d6726466b2f170134,36737,False,PDF可打开；首页可提取文本,10,"SHARE > SHARE wave 1 Module BR Behavioral risk Language: Generic © 2016 MEA All rights reserved. Nothing from this publication may be reproduced, stored in a computer database, or made public in any form or by any means, be it electronically, mechanically, through photocopies, recordings or otherwise, without the prior written consent of the publisher. "
SHARE/官方材料/codebook/SHARE wave 1/CF - Cognitive function_codebook.pdf,材料/SHARE/官方材料/codebook/SHARE wave 1/CF - Cognitive function_codebook.pdf,ef9258f4b328aff6b90959388d7699baa3e84d421f33f2be1df5a0ace48df136,42058,False,PDF可打开；首页可提取文本,11,"SHARE > SHARE wave 1 Module CF Cognitive function Language: Generic © 2016 MEA All rights reserved. Nothing from this publication may be reproduced, stored in a computer database, or made public in any form or by any means, be it electronically, mechanically, through photocopies, recordings or otherwise, without the prior written consent of the publisher. "
SHARE/官方材料/codebook/SHARE wave 1/CH - Children_codebook.pdf,材料/SHARE/官方材料/codebook/SHARE wave 1/CH - Children_codebook.pdf,5dd042eb7ecd4c908037a6d64b569195c00a02de575f7c8aad1816974cda2c20,89237,False,PDF可打开；首页可提取文本,29,"SHARE > SHARE wave 1 Module CH Children Language: Generic © 2016 MEA All rights reserved. Nothing from this publication may be reproduced, stored in a computer database, or made public in any form or by any means, be it electronically, mechanically, through photocopies, recordings or otherwise, without the prior written consent of the publisher. "
SHARE/官方材料/codebook/SHARE wave 1/CO - Consumption_codebook.pdf,材料/SHARE/官方材料/codebook/SHARE wave 1/CO - Consumption_codebook.pdf,d7866f54612a4c95f0bae489849bb75d0b9a313e3d6d05570e3fbe5023291679,29152,False,PDF可打开；首页可提取文本,8,"SHARE > SHARE wave 1 Module CO Consumption Language: Generic © 2016 MEA All rights reserved. Nothing from this publication may be reproduced, stored in a computer database, or made public in any form or by any means, be it electronically, mechanically, through photocopies, recordings or otherwise, without the prior written consent of the publisher. "
SHARE/官方材料/codebook/SHARE wave 1/DN - Demographics and networks_codebook.pdf,材料/SHARE/官方材料/codebook/SHARE wave 1/DN - Demographics and networks_codebook.pdf,d6f55dc40849c631274d50ee2940ccca3e32b17015316fd791851f32e99b7112,112557,False,PDF可打开；首页可提取文本,33,"SHARE > SHARE wave 1 Module DN Demographics and networks Language: Generic © 2016 MEA All rights reserved. Nothing from this publication may be reproduced, stored in a computer database, or made public in any form or by any means, be it electronically, mechanically, through photocopies, recordings or otherwise, without the prior written consent of the publisher. "
SHARE/官方材料/codebook/SHARE wave 1/EP - Employment and pensions_codebook.pdf,材料/SHARE/官方材料/codebook/SHARE wave 1/EP - Employment and pensions_codebook.pdf,1eea2f8f62f3952b59a2ac8ebaed6e53793315818584e8e1cece49d4c200e9dc,227937,False,PDF可打开；首页可提取文本,71,"SHARE > SHARE wave 1 Module EP Employment and pensions Language: Generic © 2016 MEA All rights reserved. Nothing from this publication may be reproduced, stored in a computer database, or made public in any form or by any means, be it electronically, mechanically, through photocopies, recordings or otherwise, without the prior written consent of the publisher. "
SHARE/官方材料/codebook/SHARE wave 1/EX - Expectations_codebook.pdf,材料/SHARE/官方材料/codebook/SHARE wave 1/EX - Expectations_codebook.pdf,94874097693e8c43a9eef38b54e276d40d67419ab78cc97b9af07e731810e36b,43859,False,PDF可打开；首页可提取文本,12,"SHARE > SHARE wave 1 Module EX Expectations Language: Generic © 2016 MEA All rights reserved. Nothing from this publication may be reproduced, stored in a computer database, or made public in any form or by any means, be it electronically, mechanically, through photocopies, recordings or otherwise, without the prior written consent of the publisher. "
SHARE/官方材料/codebook/SHARE wave 1/FT - Financial transfers_codebook.pdf,材料/SHARE/官方材料/codebook/SHARE wave 1/FT - Financial transfers_codebook.pdf,564b219d8179828b5c8e56e2fd0f977edf7f8cc2028ffd98de2455881910e443,73511,False,PDF可打开；首页可提取文本,20,"SHARE > SHARE wave 1 Module FT Financial transfers Language: Generic © 2016 MEA All rights reserved. Nothing from this publication may be reproduced, stored in a computer database, or made public in any form or by any means, be it electronically, mechanically, through photocopies, recordings or otherwise, without the prior written consent of the publisher. "
SHARE/官方材料/codebook/SHARE wave 1/GS - Gripstrength_codebook.pdf,材料/SHARE/官方材料/codebook/SHARE wave 1/GS - Gripstrength_codebook.pdf,e65f0109ecc68fb688512d428e7f71ddb073444dc7c0c28d8490d52e553c20db,26833,False,PDF可打开；首页可提取文本,8,"SHARE > SHARE wave 1 Module GS Gripstrength Language: Generic © 2016 MEA All rights reserved. Nothing from this publication may be reproduced, stored in a computer database, or made public in any form or by any means, be it electronically, mechanically, through photocopies, recordings or otherwise, without the prior written consent of the publisher. "
SHARE/官方材料/codebook/SHARE wave 1/HC - Health care_codebook.pdf,材料/SHARE/官方材料/codebook/SHARE wave 1/HC - Health care_codebook.pdf,0c6e39e5e5c3d0e83fc8b41558af22b8ffa0a0570212eaf904efaabca934cc9e,133956,False,PDF可打开；首页可提取文本,41,"SHARE > SHARE wave 1 Module HC Health care Language: Generic © 2016 MEA All rights reserved. Nothing from this publication may be reproduced, stored in a computer database, or made public in any form or by any means, be it electronically, mechanically, through photocopies, recordings or otherwise, without the prior written consent of the publisher. "
SHARE/官方材料/codebook/SHARE wave 1/HH - Household income_codebook.pdf,材料/SHARE/官方材料/codebook/SHARE wave 1/HH - Household income_codebook.pdf,cc3257aacd52954f6984c59f999b28149fa92ada66c8e36dcb3bbffafabae4a5,28892,False,PDF可打开；首页可提取文本,8,"SHARE > SHARE wave 1 Module HH Household income Language: Generic © 2016 MEA All rights reserved. Nothing from this publication may be reproduced, stored in a computer database, or made public in any form or by any means, be it electronically, mechanically, through photocopies, recordings or otherwise, without the prior written consent of the publisher. "
SHARE/官方材料/codebook/SHARE wave 1/HO - Housing_codebook.pdf,材料/SHARE/官方材料/codebook/SHARE wave 1/HO - Housing_codebook.pdf,e7f9fd7c6c70322af395396830a6187d755344b0fd6fc11f16c126015ec7fb0a,76034,False,PDF可打开；首页可提取文本,22,"SHARE > SHARE wave 1 Module HO Housing Language: Generic © 2016 MEA All rights reserved. Nothing from this publication may be reproduced, stored in a computer database, or made public in any form or by any means, be it electronically, mechanically, through photocopies, recordings or otherwise, without the prior written consent of the publisher. "
SHARE/官方材料/codebook/SHARE wave 1/IV - Interviewer_codebook.pdf,材料/SHARE/官方材料/codebook/SHARE wave 1/IV - Interviewer_codebook.pdf,21d666a8d4509333b85188249d29a2d962345d7b87bced24474d8cd5ea42fd66,49228,False,PDF可打开；首页可提取文本,14,"SHARE > SHARE wave 1 Module IV Interviewer Language: Generic © 2016 MEA All rights reserved. Nothing from this publication may be reproduced, stored in a computer database, or made public in any form or by any means, be it electronically, mechanically, through photocopies, recordings or otherwise, without the prior written consent of the publisher. "
SHARE/官方材料/codebook/SHARE wave 1/MH - Mental health_codebook.pdf,材料/SHARE/官方材料/codebook/SHARE wave 1/MH - Mental health_codebook.pdf,e040f543112af32b96efec19d870a908a27302f0a7c65173646b677bf1a2ad4c,40461,False,PDF可打开；首页可提取文本,11,"SHARE > SHARE wave 1 Module MH Mental health Language: Generic © 2016 MEA All rights reserved. Nothing from this publication may be reproduced, stored in a computer database, or made public in any form or by any means, be it electronically, mechanically, through photocopies, recordings or otherwise, without the prior written consent of the publisher. "
SHARE/官方材料/codebook/SHARE wave 1/PH - Physical health_codebook.pdf,材料/SHARE/官方材料/codebook/SHARE wave 1/PH - Physical health_codebook.pdf,023ef614a57c87ac002c9ba598f2696538287b2e352a1511a8fc85913c7f9ba0,95085,False,PDF可打开；首页可提取文本,31,"SHARE > SHARE wave 1 Module PH Physical health Language: Generic © 2016 MEA All rights reserved. Nothing from this publication may be reproduced, stored in a computer database, or made public in any form or by any means, be it electronically, mechanically, through photocopies, recordings or otherwise, without the prior written consent of the publisher. "
SHARE/官方材料/codebook/SHARE wave 1/SP - Social support_codebook.pdf,材料/SHARE/官方材料/codebook/SHARE wave 1/SP - Social support_codebook.pdf,01949725b751394f0b7a4cb07db9d652e797a3538a6cfd8a93e6b98334ce3627,103524,False,PDF可打开；首页可提取文本,35,"SHARE > SHARE wave 1 Module SP Social support Language: Generic © 2016 MEA All rights reserved. Nothing from this publication may be reproduced, stored in a computer database, or made public in any form or by any means, be it electronically, mechanically, through photocopies, recordings or otherwise, without the prior written consent of the publisher. "
SHARE/官方材料/codebook/SHARE wave 1/WS - Walking speed_codebook.pdf,材料/SHARE/官方材料/codebook/SHARE wave 1/WS - Walking speed_codebook.pdf,9626a17dc99189c12327aee94abdc7b1764969e18c9bbccd41d8aea23a32bfb4,37915,False,PDF可打开；首页可提取文本,10,"SHARE > SHARE wave 1 Module WS Walking speed Language: Generic © 2016 MEA All rights reserved. Nothing from this publication may be reproduced, stored in a computer database, or made public in any form or by any means, be it electronically, mechanically, through photocopies, recordings or otherwise, without the prior written consent of the publisher. "
SHARE/官方材料/codebook/SHARE wave 2/AC - Activities_codebook.pdf,材料/SHARE/官方材料/codebook/SHARE wave 2/AC - Activities_codebook.pdf,5b25eddca403b0d473ee71649be3ae3e26fdaa5c2ed0b0c08b22b13e46f33ce5,60816,False,PDF可打开；首页可提取文本,17,"SHARE > SHARE wave 2 Module AC Activities Language: Generic © 2016 MEA All rights reserved. Nothing from this publication may be reproduced, stored in a computer database, or made public in any form or by any means, be it electronically, mechanically, through photocopies, recordings or otherwise, without the prior written consent of the publisher. "
SHARE/官方材料/codebook/SHARE wave 2/AS - Assets_codebook.pdf,材料/SHARE/官方材料/codebook/SHARE wave 2/AS - Assets_codebook.pdf,e6ca38596c70f3b64eb7a0a83426347a1a09ab34be240f1ab75741177b4e6a5f,85520,False,PDF可打开；首页可提取文本,26,"SHARE > SHARE wave 2 Module AS Assets Language: Generic © 2016 MEA All rights reserved. Nothing from this publication may be reproduced, stored in a computer database, or made public in any form or by any means, be it electronically, mechanically, through photocopies, recordings or otherwise, without the prior written consent of the publisher. "
SHARE/官方材料/codebook/SHARE wave 2/BR - Behavioral risk_codebook.pdf,材料/SHARE/官方材料/codebook/SHARE wave 2/BR - Behavioral risk_codebook.pdf,09a2ed2cad7a319d76cf54543f335a387a4946caaabee7de189089f56676d640,36616,False,PDF可打开；首页可提取文本,10,"SHARE > SHARE wave 2 Module BR Behavioral risk Language: Generic © 2016 MEA All rights reserved. Nothing from this publication may be reproduced, stored in a computer database, or made public in any form or by any means, be it electronically, mechanically, through photocopies, recordings or otherwise, without the prior written consent of the publisher. "
SHARE/官方材料/codebook/SHARE wave 2/CF - Cognitive function_codebook.pdf,材料/SHARE/官方材料/codebook/SHARE wave 2/CF - Cognitive function_codebook.pdf,307c064a28e282387332bb1154bf4248eb4ecf999e7127d0a43e93e86215b39c,42519,False,PDF可打开；首页可提取文本,11,"SHARE > SHARE wave 2 Module CF Cognitive function Language: Generic © 2016 MEA All rights reserved. Nothing from this publication may be reproduced, stored in a computer database, or made public in any form or by any means, be it electronically, mechanically, through photocopies, recordings or otherwise, without the prior written consent of the publisher. "
SHARE/官方材料/codebook/SHARE wave 2/CH - Children_codebook.pdf,材料/SHARE/官方材料/codebook/SHARE wave 2/CH - Children_codebook.pdf,16aa1aebfac06f450b67d79c8bcefd20d58f6c9077503b197ca69a9889aa6d2b,185646,False,PDF可打开；首页可提取文本,57,"SHARE > SHARE wave 2 Module CH Children Language: Generic © 2016 MEA All rights reserved. Nothing from this publication may be reproduced, stored in a computer database, or made public in any form or by any means, be it electronically, mechanically, through photocopies, recordings or otherwise, without the prior written consent of the publisher. "
SHARE/官方材料/codebook/SHARE wave 2/CO - Consumption_codebook.pdf,材料/SHARE/官方材料/codebook/SHARE wave 2/CO - Consumption_codebook.pdf,8739bc522cfa2b19afbf93f4b5eecb6f96b3b8a9d6cb27e4e527af035acac96c,28221,False,PDF可打开；首页可提取文本,8,"SHARE > SHARE wave 2 Module CO Consumption Language: Generic © 2016 MEA All rights reserved. Nothing from this publication may be reproduced, stored in a computer database, or made public in any form or by any means, be it electronically, mechanically, through photocopies, recordings or otherwise, without the prior written consent of the publisher. "
SHARE/官方材料/codebook/SHARE wave 2/CS - Chair Stand_codebook.pdf,材料/SHARE/官方材料/codebook/SHARE wave 2/CS - Chair Stand_codebook.pdf,e4238a5409286ca52a00e255f3f41289326a68a8cb4ad78e376289fd5f598ff1,33737,False,PDF可打开；首页可提取文本,10,"SHARE > SHARE wave 2 Module CS Chair Stand Language: Generic © 2016 MEA All rights reserved. Nothing from this publication may be reproduced, stored in a computer database, or made public in any form or by any means, be it electronically, mechanically, through photocopies, recordings or otherwise, without the prior written consent of the publisher. "
SHARE/官方材料/codebook/SHARE wave 2/DN - Demographics and networks_codebook.pdf,材料/SHARE/官方材料/codebook/SHARE wave 2/DN - Demographics and networks_codebook.pdf,ba1b9c959549cd597f22bd4f5d9f00685c7b0dc4a4a44df88dcb7bf399d4c3e4,126851,False,PDF可打开；首页可提取文本,37,"SHARE > SHARE wave 2 Module DN Demographics and networks Language: Generic © 2016 MEA All rights reserved. Nothing from this publication may be reproduced, stored in a computer database, or made public in any form or by any means, be it electronically, mechanically, through photocopies, recordings or otherwise, without the prior written consent of the publisher. "
SHARE/官方材料/codebook/SHARE wave 2/EP - Employment and pensions_codebook.pdf,材料/SHARE/官方材料/codebook/SHARE wave 2/EP - Employment and pensions_codebook.pdf,b6b59fcc184b2c84721470b43571138f522d20faf50e722dbc1995d60ffe682d,405978,False,PDF可打开；首页可提取文本,136,"SHARE > SHARE wave 2 Module EP Employment and pensions Language: Generic © 2016 MEA All rights reserved. Nothing from this publication may be reproduced, stored in a computer database, or made public in any form or by any means, be it electronically, mechanically, through photocopies, recordings or otherwise, without the prior written consent of the publisher. "
SHARE/官方材料/codebook/SHARE wave 2/EX - Expectations_codebook.pdf,材料/SHARE/官方材料/codebook/SHARE wave 2/EX - Expectations_codebook.pdf,f5fe6d66a28e608f516aa39c73d37f7b3bd425895a56772633571e0e85a21689,45272,False,PDF可打开；首页可提取文本,12,"SHARE > SHARE wave 2 Module EX Expectations Language: Generic © 2016 MEA All rights reserved. Nothing from this publication may be reproduced, stored in a computer database, or made public in any form or by any means, be it electronically, mechanically, through photocopies, recordings or otherwise, without the prior written consent of the publisher. "
SHARE/官方材料/codebook/SHARE wave 2/FT - Financial transfers_codebook.pdf,材料/SHARE/官方材料/codebook/SHARE wave 2/FT - Financial transfers_codebook.pdf,c8636e2b43b1e3cbecbac0e00d5518b697ba26c7a1e6d6131ed7429851e68bd0,75102,False,PDF可打开；首页可提取文本,21,"SHARE > SHARE wave 2 Module FT Financial transfers Language: Generic © 2016 MEA All rights reserved. Nothing from this publication may be reproduced, stored in a computer database, or made public in any form or by any means, be it electronically, mechanically, through photocopies, recordings or otherwise, without the prior written consent of the publisher. "
SHARE/官方材料/codebook/SHARE wave 2/GS - Gripstrength_codebook.pdf,材料/SHARE/官方材料/codebook/SHARE wave 2/GS - Gripstrength_codebook.pdf,e94d52a1817d8147b293eee937cd1e94b07825c051510744fb69706c78fc5a79,34898,False,PDF可打开；首页可提取文本,10,"SHARE > SHARE wave 2 Module GS Gripstrength Language: Generic © 2016 MEA All rights reserved. Nothing from this publication may be reproduced, stored in a computer database, or made public in any form or by any means, be it electronically, mechanically, through photocopies, recordings or otherwise, without the prior written consent of the publisher. "
SHARE/官方材料/codebook/SHARE wave 2/HC - Health care_codebook.pdf,材料/SHARE/官方材料/codebook/SHARE wave 2/HC - Health care_codebook.pdf,6d25615a1c8cef8223dc3ca08a9864cc02d99c979ce16d983d34479d58ad096c,94841,False,PDF可打开；首页可提取文本,29,"SHARE > SHARE wave 2 Module HC Health care Language: Generic © 2016 MEA All rights reserved. Nothing from this publication may be reproduced, stored in a computer database, or made public in any form or by any means, be it electronically, mechanically, through photocopies, recordings or otherwise, without the prior written consent of the publisher. "
SHARE/官方材料/codebook/SHARE wave 2/HH - Household income_codebook.pdf,材料/SHARE/官方材料/codebook/SHARE wave 2/HH - Household income_codebook.pdf,d5b055ea5b84362ad73c974ee96195aa882aa88e8b0691759c6a873b32fcc07c,28429,False,PDF可打开；首页可提取文本,8,"SHARE > SHARE wave 2 Module HH Household income Language: Generic © 2016 MEA All rights reserved. Nothing from this publication may be reproduced, stored in a computer database, or made public in any form or by any means, be it electronically, mechanically, through photocopies, recordings or otherwise, without the prior written consent of the publisher. "
SHARE/官方材料/codebook/SHARE wave 2/HO - Housing_codebook.pdf,材料/SHARE/官方材料/codebook/SHARE wave 2/HO - Housing_codebook.pdf,59106de090492254806c457de6ebab593025c074044d1c442cbb86a2e8a90619,77895,False,PDF可打开；首页可提取文本,23,"SHARE > SHARE wave 2 Module HO Housing Language: Generic © 2016 MEA All rights reserved. Nothing from this publication may be reproduced, stored in a computer database, or made public in any form or by any means, be it electronically, mechanically, through photocopies, recordings or otherwise, without the prior written consent of the publisher. "
SHARE/官方材料/codebook/SHARE wave 2/IV - Interviewer_codebook.pdf,材料/SHARE/官方材料/codebook/SHARE wave 2/IV - Interviewer_codebook.pdf,486fc788a9d38ba66e7a7c3bb8ed768b89beb6864f277a1461dd3bf1e0858fea,39601,False,PDF可打开；首页可提取文本,11,"SHARE > SHARE wave 2 Module IV Interviewer Language: Generic © 2016 MEA All rights reserved. Nothing from this publication may be reproduced, stored in a computer database, or made public in any form or by any means, be it electronically, mechanically, through photocopies, recordings or otherwise, without the prior written consent of the publisher. "
SHARE/官方材料/codebook/SHARE wave 2/MH - Mental health_codebook.pdf,材料/SHARE/官方材料/codebook/SHARE wave 2/MH - Mental health_codebook.pdf,088c7685e96caa6e411bd960d8d5c30d6bbe857b09471db4c46bf7c220dc439c,41685,False,PDF可打开；首页可提取文本,11,"SHARE > SHARE wave 2 Module MH Mental health Language: Generic © 2016 MEA All rights reserved. Nothing from this publication may be reproduced, stored in a computer database, or made public in any form or by any means, be it electronically, mechanically, through photocopies, recordings or otherwise, without the prior written consent of the publisher. "
SHARE/官方材料/codebook/SHARE wave 2/PF - Peak FLow_codebook.pdf,材料/SHARE/官方材料/codebook/SHARE wave 2/PF - Peak FLow_codebook.pdf,c591ef0b335075fa05c82b4d32a60c33a5414ff165e922b06f47ffce775f18df,28329,False,PDF可打开；首页可提取文本,8,"SHARE > SHARE wave 2 Module PF Peak FLow Language: Generic © 2016 MEA All rights reserved. Nothing from this publication may be reproduced, stored in a computer database, or made public in any form or by any means, be it electronically, mechanically, through photocopies, recordings or otherwise, without the prior written consent of the publisher. "
SHARE/官方材料/codebook/SHARE wave 2/PH - Physical health_codebook.pdf,材料/SHARE/官方材料/codebook/SHARE wave 2/PH - Physical health_codebook.pdf,9a64b36a3768477dd0e4aa7cd8a4e1bff3037fadb2846b60346c052bb7504e9e,115127,False,PDF可打开；首页可提取文本,38,"SHARE > SHARE wave 2 Module PH Physical health Language: Generic © 2016 MEA All rights reserved. Nothing from this publication may be reproduced, stored in a computer database, or made public in any form or by any means, be it electronically, mechanically, through photocopies, recordings or otherwise, without the prior written consent of the publisher. "
SHARE/官方材料/codebook/SHARE wave 2/SP - Social support_codebook.pdf,材料/SHARE/官方材料/codebook/SHARE wave 2/SP - Social support_codebook.pdf,fdad75efc9e3f131d1b4282d9671857ce9de8be1a319d140c4ab12ed72729b97,106014,False,PDF可打开；首页可提取文本,35,"SHARE > SHARE wave 2 Module SP Social support Language: Generic © 2016 MEA All rights reserved. Nothing from this publication may be reproduced, stored in a computer database, or made public in any form or by any means, be it electronically, mechanically, through photocopies, recordings or otherwise, without the prior written consent of the publisher. "
SHARE/官方材料/codebook/SHARE wave 2/WS - Walking speed_codebook.pdf,材料/SHARE/官方材料/codebook/SHARE wave 2/WS - Walking speed_codebook.pdf,ee9564541d554492649e5d98509215821ecbf1b47ed24c7a0e551681e8a52212,37907,False,PDF可打开；首页可提取文本,10,"SHARE > SHARE wave 2 Module WS Walking speed Language: Generic © 2016 MEA All rights reserved. Nothing from this publication may be reproduced, stored in a computer database, or made public in any form or by any means, be it electronically, mechanically, through photocopies, recordings or otherwise, without the prior written consent of the publisher. "
SHARE/官方材料/codebook/SHARE wave 3/AC - Accommodation_codebook.pdf,材料/SHARE/官方材料/codebook/SHARE wave 3/AC - Accommodation_codebook.pdf,2c0713355182e63d37d9667eb37d2d85d92b2bb7e6f9c7bba633f27376ada120,319992,False,PDF可打开；首页可提取文本,120,"SHARE > SHARE wave 3 Module AC Accommodation Language: Generic © 2016 MEA All rights reserved. Nothing from this publication may be reproduced, stored in a computer database, or made public in any form or by any means, be it electronically, mechanically, through photocopies, recordings or otherwise, without the prior written consent of the publisher. "
SHARE/官方材料/codebook/SHARE wave 3/CS - Childhood_codebook.pdf,材料/SHARE/官方材料/codebook/SHARE wave 3/CS - Childhood_codebook.pdf,2ab1027103dd3970ba1b07c54ce62a45c5b337cb455c8712e4f49c77ab7d6245,38509,False,PDF可打开；首页可提取文本,11,"SHARE > SHARE wave 3 Module CS Childhood Language: Generic © 2016 MEA All rights reserved. Nothing from this publication may be reproduced, stored in a computer database, or made public in any form or by any means, be it electronically, mechanically, through photocopies, recordings or otherwise, without the prior written consent of the publisher. "
SHARE/官方材料/codebook/SHARE wave 3/FQ - Wave 3 Forward Questions_codebook.pdf,材料/SHARE/官方材料/codebook/SHARE wave 3/FQ - Wave 3 Forward Questions_codebook.pdf,976a4ddaba2d2f4f83a77cd49c8c80c34fa5666c76e3ee02321ce07969e6db52,36414,False,PDF可打开；首页可提取文本,10,"SHARE > SHARE wave 3 Module FQ Wave 3 Forward Questions Language: Generic © 2016 MEA All rights reserved. Nothing from this publication may be reproduced, stored in a computer database, or made public in any form or by any means, be it electronically, mechanically, through photocopies, recordings or otherwise, without the prior written consent of the publisher. "
SHARE/官方材料/codebook/SHARE wave 3/FS - Financial_codebook.pdf,材料/SHARE/官方材料/codebook/SHARE wave 3/FS - Financial_codebook.pdf,a58fc68b88903b5e3f6c3e3198fa03b7d6c2753aad24de2fbd102abb57a8b805,32383,False,PDF可打开；首页可提取文本,9,"SHARE > SHARE wave 3 Module FS Financial Language: Generic © 2016 MEA All rights reserved. Nothing from this publication may be reproduced, stored in a computer database, or made public in any form or by any means, be it electronically, mechanically, through photocopies, recordings or otherwise, without the prior written consent of the publisher. "
SHARE/官方材料/codebook/SHARE wave 3/GL - General Life_codebook.pdf,材料/SHARE/官方材料/codebook/SHARE wave 3/GL - General Life_codebook.pdf,220268621d735758f541da014b65a8069caac4a763d79c8f4d45d377eddcdd6f,69922,False,PDF可打开；首页可提取文本,21,"SHARE > SHARE wave 3 Module GL General Life Language: Generic © 2016 MEA All rights reserved. Nothing from this publication may be reproduced, stored in a computer database, or made public in any form or by any means, be it electronically, mechanically, through photocopies, recordings or otherwise, without the prior written consent of the publisher. "
SHARE/官方材料/codebook/SHARE wave 3/HC - Health care_codebook.pdf,材料/SHARE/官方材料/codebook/SHARE wave 3/HC - Health care_codebook.pdf,96655bbe0cd11c613756bd1a434f32a402edd4b4d67b08706ff37fc2e85648bc,111725,False,PDF可打开；首页可提取文本,36,"SHARE > SHARE wave 3 Module HC Health care Language: Generic © 2016 MEA All rights reserved. Nothing from this publication may be reproduced, stored in a computer database, or made public in any form or by any means, be it electronically, mechanically, through photocopies, recordings or otherwise, without the prior written consent of the publisher. "
SHARE/官方材料/codebook/SHARE wave 3/HS - Health_codebook.pdf,材料/SHARE/官方材料/codebook/SHARE wave 3/HS - Health_codebook.pdf,491872e5c7032ec8cf808657ad7d8cde3d550329a937087d4d5d1d1bb107c92d,96600,False,PDF可打开；首页可提取文本,29,"SHARE > SHARE wave 3 Module HS Health Language: Generic © 2016 MEA All rights reserved. Nothing from this publication may be reproduced, stored in a computer database, or made public in any form or by any means, be it electronically, mechanically, through photocopies, recordings or otherwise, without the prior written consent of the publisher. "
SHARE/官方材料/codebook/SHARE wave 3/IV - Interviewer_codebook.pdf,材料/SHARE/官方材料/codebook/SHARE wave 3/IV - Interviewer_codebook.pdf,6388cfe4cb4546587b39567948012ed45ab4123a226bd3ac95c4233aba1664a9,44966,False,PDF可打开；首页可提取文本,12,"SHARE > SHARE wave 3 Module IV Interviewer Language: Generic © 2016 MEA All rights reserved. Nothing from this publication may be reproduced, stored in a computer database, or made public in any form or by any means, be it electronically, mechanically, through photocopies, recordings or otherwise, without the prior written consent of the publisher. "
SHARE/官方材料/codebook/SHARE wave 3/LS - End Questions_codebook.pdf,材料/SHARE/官方材料/codebook/SHARE wave 3/LS - End Questions_codebook.pdf,87a0fd628bb81742cb47b8416ae3ec3be19e3b44a7aa64b63cafcef3929c0d5f,20003,False,PDF可打开；首页可提取文本,6,"SHARE > SHARE wave 3 Module LS End Questions Language: Generic © 2016 MEA All rights reserved. Nothing from this publication may be reproduced, stored in a computer database, or made public in any form or by any means, be it electronically, mechanically, through photocopies, recordings or otherwise, without the prior written consent of the publisher. "
SHARE/官方材料/codebook/SHARE wave 3/RC - Children_codebook.pdf,材料/SHARE/官方材料/codebook/SHARE wave 3/RC - Children_codebook.pdf,4e2e2dcaef2c00f51544dace2ed3be840a1b7480bfef6567d8d79ab368bbd313,106804,False,PDF可打开；首页可提取文本,40,"SHARE > SHARE wave 3 Module RC Children Language: Generic © 2016 MEA All rights reserved. Nothing from this publication may be reproduced, stored in a computer database, or made public in any form or by any means, be it electronically, mechanically, through photocopies, recordings or otherwise, without the prior written consent of the publisher. "
SHARE/官方材料/codebook/SHARE wave 3/RE - Work History_codebook.pdf,材料/SHARE/官方材料/codebook/SHARE wave 3/RE - Work History_codebook.pdf,235a02b8d5fb513f10e979bcd91bbf6eb30aa9feeb1cc2dea3506f7d4fd488ea,514784,False,PDF可打开；首页可提取文本,182,"SHARE > SHARE wave 3 Module RE Work History Language: Generic © 2016 MEA All rights reserved. Nothing from this publication may be reproduced, stored in a computer database, or made public in any form or by any means, be it electronically, mechanically, through photocopies, recordings or otherwise, without the prior written consent of the publisher. "
SHARE/官方材料/codebook/SHARE wave 3/RP - Partner_codebook.pdf,材料/SHARE/官方材料/codebook/SHARE wave 3/RP - Partner_codebook.pdf,6b388ae4c6a03350848792b014e36dfee810d6af631269260ccc15dab2bdadf4,81441,False,PDF可打开；首页可提取文本,28,"SHARE > SHARE wave 3 Module RP Partner Language: Generic © 2016 MEA All rights reserved. Nothing from this publication may be reproduced, stored in a computer database, or made public in any form or by any means, be it electronically, mechanically, through photocopies, recordings or otherwise, without the prior written consent of the publisher. "
SHARE/官方材料/codebook/SHARE wave 3/ST - Starting_codebook.pdf,材料/SHARE/官方材料/codebook/SHARE wave 3/ST - Starting_codebook.pdf,3ce23ed1073fd3b4f5ac6327f76d9113f2911221129b88a52be21da0d636e517,30819,False,PDF可打开；首页可提取文本,8,"SHARE > SHARE wave 3 Module ST Starting Language: Generic © 2016 MEA All rights reserved. Nothing from this publication may be reproduced, stored in a computer database, or made public in any form or by any means, be it electronically, mechanically, through photocopies, recordings or otherwise, without the prior written consent of the publisher. "
SHARE/官方材料/codebook/SHARE wave 4/AC - Activities_codebook.pdf,材料/SHARE/官方材料/codebook/SHARE wave 4/AC - Activities_codebook.pdf,964b23772336f511a9a43a9ffd4927f1c8a7580c80858c561b64a54bbde6af70,48197,False,PDF可打开；首页可提取文本,14,"SHARE > SHARE wave 4 Module AC Activities Language: Generic © 2016 MEA All rights reserved. Nothing from this publication may be reproduced, stored in a computer database, or made public in any form or by any means, be it electronically, mechanically, through photocopies, recordings or otherwise, without the prior written consent of the publisher. "
SHARE/官方材料/codebook/SHARE wave 4/AS - Assets_codebook.pdf,材料/SHARE/官方材料/codebook/SHARE wave 4/AS - Assets_codebook.pdf,d79288f6a500830c1069c2be319f9dc85004513a8d94593287dcd866caf9056e,81705,False,PDF可打开；首页可提取文本,25,"SHARE > SHARE wave 4 Module AS Assets Language: Generic © 2016 MEA All rights reserved. Nothing from this publication may be reproduced, stored in a computer database, or made public in any form or by any means, be it electronically, mechanically, through photocopies, recordings or otherwise, without the prior written consent of the publisher. "
SHARE/官方材料/codebook/SHARE wave 4/BI - Biomarker_codebook.pdf,材料/SHARE/官方材料/codebook/SHARE wave 4/BI - Biomarker_codebook.pdf,48e41487416f770bdaff40ac9e27e5d34cab4e7cff8722682f773ff34870735f,19716,False,PDF可打开；首页可提取文本,6,"SHARE > SHARE wave 4 Module BI Biomarker Language: Generic © 2016 MEA All rights reserved. Nothing from this publication may be reproduced, stored in a computer database, or made public in any form or by any means, be it electronically, mechanically, through photocopies, recordings or otherwise, without the prior written consent of the publisher. "
SHARE/官方材料/codebook/SHARE wave 4/BR - Behavioral risk_codebook.pdf,材料/SHARE/官方材料/codebook/SHARE wave 4/BR - Behavioral risk_codebook.pdf,197d6d7d721300f995edf89c5599d0bda817e23b7a2da775309529e5c485a77e,45497,False,PDF可打开；首页可提取文本,12,"SHARE > SHARE wave 4 Module BR Behavioral risk Language: Generic © 2016 MEA All rights reserved. Nothing from this publication may be reproduced, stored in a computer database, or made public in any form or by any means, be it electronically, mechanically, through photocopies, recordings or otherwise, without the prior written consent of the publisher. "
SHARE/官方材料/codebook/SHARE wave 4/CF - Cognitive function_codebook.pdf,材料/SHARE/官方材料/codebook/SHARE wave 4/CF - Cognitive function_codebook.pdf,3257e4b14d9d8663a1f47f1a76b10b3de3888759c25d3de7809635c3aabe7c52,56794,False,PDF可打开；首页可提取文本,16,"SHARE > SHARE wave 4 Module CF Cognitive function Language: Generic © 2016 MEA All rights reserved. Nothing from this publication may be reproduced, stored in a computer database, or made public in any form or by any means, be it electronically, mechanically, through photocopies, recordings or otherwise, without the prior written consent of the publisher. "
SHARE/官方材料/codebook/SHARE wave 4/CH - Children_codebook.pdf,材料/SHARE/官方材料/codebook/SHARE wave 4/CH - Children_codebook.pdf,ae990d340ae90fdfd3869a0159f44dfa250c4cc6a25f5acbcea329659214f3f9,286582,False,PDF可打开；首页可提取文本,106,"SHARE > SHARE wave 4 Module CH Children Language: Generic © 2016 MEA All rights reserved. Nothing from this publication may be reproduced, stored in a computer database, or made public in any form or by any means, be it electronically, mechanically, through photocopies, recordings or otherwise, without the prior written consent of the publisher. "
SHARE/官方材料/codebook/SHARE wave 4/CO - Consumption_codebook.pdf,材料/SHARE/官方材料/codebook/SHARE wave 4/CO - Consumption_codebook.pdf,6b29b460580f1f504008afbc5aa6fbacc0cbf312fee18c3bc0c0b499e96d0d23,33708,False,PDF可打开；首页可提取文本,10,"SHARE > SHARE wave 4 Module CO Consumption Language: Generic © 2016 MEA All rights reserved. Nothing from this publication may be reproduced, stored in a computer database, or made public in any form or by any means, be it electronically, mechanically, through photocopies, recordings or otherwise, without the prior written consent of the publisher. "
SHARE/官方材料/codebook/SHARE wave 4/DN1 - Demographics and networks_codebook.pdf,材料/SHARE/官方材料/codebook/SHARE wave 4/DN1 - Demographics and networks_codebook.pdf,f9bcfab260aeb26d1758200699a1fcf4804b006b830dfa79aa4b009a7724f222,100143,False,PDF可打开；首页可提取文本,29,"SHARE > SHARE wave 4 Module DN1 Demographics and networks Language: Generic © 2016 MEA All rights reserved. Nothing from this publication may be reproduced, stored in a computer database, or made public in any form or by any means, be it electronically, mechanically, through photocopies, recordings or otherwise, without the prior written consent of the publisher. "
SHARE/官方材料/codebook/SHARE wave 4/DN2 - Demographics and networks_codebook.pdf,材料/SHARE/官方材料/codebook/SHARE wave 4/DN2 - Demographics and networks_codebook.pdf,790d5c3c7d3ba4da8210e045abef5e899fd5e6f7cfd9b92cf767c269509bcd99,42588,False,PDF可打开；首页可提取文本,12,"SHARE > SHARE wave 4 Module DN2 Demographics and networks Language: Generic © 2016 MEA All rights reserved. Nothing from this publication may be reproduced, stored in a computer database, or made public in any form or by any means, be it electronically, mechanically, through photocopies, recordings or otherwise, without the prior written consent of the publisher. "
SHARE/官方材料/codebook/SHARE wave 4/EP - Employment and pensions_codebook.pdf,材料/SHARE/官方材料/codebook/SHARE wave 4/EP - Employment and pensions_codebook.pdf,b0f5c59d9f59da3adeeff436088cfdfebc52e93e02bc4ff4ce800a8b1f6380ff,362999,False,PDF可打开；首页可提取文本,122,"SHARE > SHARE wave 4 Module EP Employment and pensions Language: Generic © 2016 MEA All rights reserved. Nothing from this publication may be reproduced, stored in a computer database, or made public in any form or by any means, be it electronically, mechanically, through photocopies, recordings or otherwise, without the prior written consent of the publisher. "
SHARE/官方材料/codebook/SHARE wave 4/EX - Expectations_codebook.pdf,材料/SHARE/官方材料/codebook/SHARE wave 4/EX - Expectations_codebook.pdf,baede9e0ab4f2e964e9a38a298b3bf720e081999ede6ffba90ae902f08830d2a,42607,False,PDF可打开；首页可提取文本,11,"SHARE > SHARE wave 4 Module EX Expectations Language: Generic © 2016 MEA All rights reserved. Nothing from this publication may be reproduced, stored in a computer database, or made public in any form or by any means, be it electronically, mechanically, through photocopies, recordings or otherwise, without the prior written consent of the publisher. "
SHARE/官方材料/codebook/SHARE wave 4/FT - Financial transfers_codebook.pdf,材料/SHARE/官方材料/codebook/SHARE wave 4/FT - Financial transfers_codebook.pdf,00ee32bf94ec5c4c5ff25431fe7086eb99fb21a0a8c9d3ed2de120f5fc975ad8,86653,False,PDF可打开；首页可提取文本,25,"SHARE > SHARE wave 4 Module FT Financial transfers Language: Generic © 2016 MEA All rights reserved. Nothing from this publication may be reproduced, stored in a computer database, or made public in any form or by any means, be it electronically, mechanically, through photocopies, recordings or otherwise, without the prior written consent of the publisher. "
SHARE/官方材料/codebook/SHARE wave 4/GS - Gripstrength_codebook.pdf,材料/SHARE/官方材料/codebook/SHARE wave 4/GS - Gripstrength_codebook.pdf,df5d1315af61add1a25540364a1933011a6b4a4e1750f536efb3b3da2f034ba7,34963,False,PDF可打开；首页可提取文本,10,"SHARE > SHARE wave 4 Module GS Gripstrength Language: Generic © 2016 MEA All rights reserved. Nothing from this publication may be reproduced, stored in a computer database, or made public in any form or by any means, be it electronically, mechanically, through photocopies, recordings or otherwise, without the prior written consent of the publisher. "
SHARE/官方材料/codebook/SHARE wave 4/HC - Health care_codebook.pdf,材料/SHARE/官方材料/codebook/SHARE wave 4/HC - Health care_codebook.pdf,47e4ab84e90df1d7619c2387578f3a157528dce4b54bd6256165d5e4e10c6d05,34991,False,PDF可打开；首页可提取文本,10,"SHARE > SHARE wave 4 Module HC Health care Language: Generic © 2016 MEA All rights reserved. Nothing from this publication may be reproduced, stored in a computer database, or made public in any form or by any means, be it electronically, mechanically, through photocopies, recordings or otherwise, without the prior written consent of the publisher. "
SHARE/官方材料/codebook/SHARE wave 4/HH - Household income_codebook.pdf,材料/SHARE/官方材料/codebook/SHARE wave 4/HH - Household income_codebook.pdf,12137ad7b1258fe80a4c75815168c12e7c0f90fb2d6e839883b81292c1270320,27903,False,PDF可打开；首页可提取文本,8,"SHARE > SHARE wave 4 Module HH Household income Language: Generic © 2016 MEA All rights reserved. Nothing from this publication may be reproduced, stored in a computer database, or made public in any form or by any means, be it electronically, mechanically, through photocopies, recordings or otherwise, without the prior written consent of the publisher. "
SHARE/官方材料/codebook/SHARE wave 4/HO - Housing_codebook.pdf,材料/SHARE/官方材料/codebook/SHARE wave 4/HO - Housing_codebook.pdf,dec5179dc6df03541bd324aea966128f00d4c13265335b5c5a0efb8c5d2a2653,87086,False,PDF可打开；首页可提取文本,26,"SHARE > SHARE wave 4 Module HO Housing Language: Generic © 2016 MEA All rights reserved. Nothing from this publication may be reproduced, stored in a computer database, or made public in any form or by any means, be it electronically, mechanically, through photocopies, recordings or otherwise, without the prior written consent of the publisher. "
SHARE/官方材料/codebook/SHARE wave 4/IV - Interviewer_codebook.pdf,材料/SHARE/官方材料/codebook/SHARE wave 4/IV - Interviewer_codebook.pdf,cfdce601fcc64cfd3e0ba9efe90f66c35be8afd7aad65d6b39dd4080d24e8cfe,39496,False,PDF可打开；首页可提取文本,11,"SHARE > SHARE wave 4 Module IV Interviewer Language: Generic © 2016 MEA All rights reserved. Nothing from this publication may be reproduced, stored in a computer database, or made public in any form or by any means, be it electronically, mechanically, through photocopies, recordings or otherwise, without the prior written consent of the publisher. "
SHARE/官方材料/codebook/SHARE wave 4/LI - Linking_codebook.pdf,材料/SHARE/官方材料/codebook/SHARE wave 4/LI - Linking_codebook.pdf,be89fdd37b9f25be616dfafb02ab0f911f33b21a1135d61ec1a16cde1092c791,19822,False,PDF可打开；首页可提取文本,6,"SHARE > SHARE wave 4 Module LI Linking Language: Generic © 2016 MEA All rights reserved. Nothing from this publication may be reproduced, stored in a computer database, or made public in any form or by any means, be it electronically, mechanically, through photocopies, recordings or otherwise, without the prior written consent of the publisher. "
SHARE/官方材料/codebook/SHARE wave 4/MH - Mental health_codebook.pdf,材料/SHARE/官方材料/codebook/SHARE wave 4/MH - Mental health_codebook.pdf,fc6d74b0de332bb0df8dd2f67f8d99d52b1a41ce4dfdee48f84b4ccb100c0a2e,51973,False,PDF可打开；首页可提取文本,14,"SHARE > SHARE wave 4 Module MH Mental health Language: Generic © 2016 MEA All rights reserved. Nothing from this publication may be reproduced, stored in a computer database, or made public in any form or by any means, be it electronically, mechanically, through photocopies, recordings or otherwise, without the prior written consent of the publisher. "
SHARE/官方材料/codebook/SHARE wave 4/PF - Peak FLow_codebook.pdf,材料/SHARE/官方材料/codebook/SHARE wave 4/PF - Peak FLow_codebook.pdf,3860f73d9573889a93e15c9e6a29a554f90ea21c010a1a07b5372448d302b070,28340,False,PDF可打开；首页可提取文本,8,"SHARE > SHARE wave 4 Module PF Peak FLow Language: Generic © 2016 MEA All rights reserved. Nothing from this publication may be reproduced, stored in a computer database, or made public in any form or by any means, be it electronically, mechanically, through photocopies, recordings or otherwise, without the prior written consent of the publisher. "
SHARE/官方材料/codebook/SHARE wave 4/PH - Physical health_codebook.pdf,材料/SHARE/官方材料/codebook/SHARE wave 4/PH - Physical health_codebook.pdf,357bf28152057ff7e2e7d7ff9d318bb8ea3c9b15a3078b7f52d25968b3f9f194,125111,False,PDF可打开；首页可提取文本,42,"SHARE > SHARE wave 4 Module PH Physical health Language: Generic © 2016 MEA All rights reserved. Nothing from this publication may be reproduced, stored in a computer database, or made public in any form or by any means, be it electronically, mechanically, through photocopies, recordings or otherwise, without the prior written consent of the publisher. "
SHARE/官方材料/codebook/SHARE wave 4/SN - Social Network_codebook.pdf,材料/SHARE/官方材料/codebook/SHARE wave 4/SN - Social Network_codebook.pdf,f681f71e60a680e6fd0c6625f610c44dcda7f1aafbb5dada6c481977dace7905,69866,False,PDF可打开；首页可提取文本,21,"SHARE > SHARE wave 4 Module SN Social Network Language: Generic © 2016 MEA All rights reserved. Nothing from this publication may be reproduced, stored in a computer database, or made public in any form or by any means, be it electronically, mechanically, through photocopies, recordings or otherwise, without the prior written consent of the publisher. "
SHARE/官方材料/codebook/SHARE wave 4/SP - Social support_codebook.pdf,材料/SHARE/官方材料/codebook/SHARE wave 4/SP - Social support_codebook.pdf,1a1a0d5f9e785bd51e16c14362d684bef73afa47a951aee5c030b5f9e05c043e,100699,False,PDF可打开；首页可提取文本,34,"SHARE > SHARE wave 4 Module SP Social support Language: Generic © 2016 MEA All rights reserved. Nothing from this publication may be reproduced, stored in a computer database, or made public in any form or by any means, be it electronically, mechanically, through photocopies, recordings or otherwise, without the prior written consent of the publisher. "
SHARE/官方材料/codebook/SHARE wave 5/AC - Activities_codebook.pdf,材料/SHARE/官方材料/codebook/SHARE wave 5/AC - Activities_codebook.pdf,0998979a44fe2e0d850c978cfee56cb01fa9c194daafab7410fcd6ee395669f3,48355,False,PDF可打开；首页可提取文本,14,"SHARE > SHARE wave 5 Module AC Activities Language: Generic © 2016 MEA All rights reserved. Nothing from this publication may be reproduced, stored in a computer database, or made public in any form or by any means, be it electronically, mechanically, through photocopies, recordings or otherwise, without the prior written consent of the publisher. "
SHARE/官方材料/codebook/SHARE wave 5/AS - Assets_codebook.pdf,材料/SHARE/官方材料/codebook/SHARE wave 5/AS - Assets_codebook.pdf,fd5215261a85e65e9dd33d43dfc66b35d86f927390b6befe59302d2945fc810d,81408,False,PDF可打开；首页可提取文本,25,"SHARE > SHARE wave 5 Module AS Assets Language: Generic © 2016 MEA All rights reserved. Nothing from this publication may be reproduced, stored in a computer database, or made public in any form or by any means, be it electronically, mechanically, through photocopies, recordings or otherwise, without the prior written consent of the publisher. "
SHARE/官方材料/codebook/SHARE wave 5/BR - Behavioral risk_codebook.pdf,材料/SHARE/官方材料/codebook/SHARE wave 5/BR - Behavioral risk_codebook.pdf,43b4b0894eb8eff119a056022f6c14a62efaf09fdc60b23cf22eeec81980874f,45275,False,PDF可打开；首页可提取文本,12,"SHARE > SHARE wave 5 Module BR Behavioral risk Language: Generic © 2016 MEA All rights reserved. Nothing from this publication may be reproduced, stored in a computer database, or made public in any form or by any means, be it electronically, mechanically, through photocopies, recordings or otherwise, without the prior written consent of the publisher. "
SHARE/官方材料/codebook/SHARE wave 5/CF - Cognitive function_codebook.pdf,材料/SHARE/官方材料/codebook/SHARE wave 5/CF - Cognitive function_codebook.pdf,d3604037214d4b4c3fda50a07154f44ae6054824cf7a6ad118bd60ec04cc9d2f,56831,False,PDF可打开；首页可提取文本,16,"SHARE > SHARE wave 5 Module CF Cognitive function Language: Generic © 2016 MEA All rights reserved. Nothing from this publication may be reproduced, stored in a computer database, or made public in any form or by any means, be it electronically, mechanically, through photocopies, recordings or otherwise, without the prior written consent of the publisher. "
SHARE/官方材料/codebook/SHARE wave 5/CH - Children_codebook.pdf,材料/SHARE/官方材料/codebook/SHARE wave 5/CH - Children_codebook.pdf,86dddbb48e019d92a6cc3c503dd15218b949a24fd6a5177c8f7dc8861e517d2a,265924,False,PDF可打开；首页可提取文本,100,"SHARE > SHARE wave 5 Module CH Children Language: Generic © 2016 MEA All rights reserved. Nothing from this publication may be reproduced, stored in a computer database, or made public in any form or by any means, be it electronically, mechanically, through photocopies, recordings or otherwise, without the prior written consent of the publisher. "
SHARE/官方材料/codebook/SHARE wave 5/CO - Consumption_codebook.pdf,材料/SHARE/官方材料/codebook/SHARE wave 5/CO - Consumption_codebook.pdf,0a319ae6d2c95e0fcbd08c25ca3daeba3e3d1e27419e8950cf01de8e7c2010b2,44000,False,PDF可打开；首页可提取文本,13,"SHARE > SHARE wave 5 Module CO Consumption Language: Generic © 2016 MEA All rights reserved. Nothing from this publication may be reproduced, stored in a computer database, or made public in any form or by any means, be it electronically, mechanically, through photocopies, recordings or otherwise, without the prior written consent of the publisher. "
SHARE/官方材料/codebook/SHARE wave 5/CS - Chair Stand_codebook.pdf,材料/SHARE/官方材料/codebook/SHARE wave 5/CS - Chair Stand_codebook.pdf,cc730c3abe304c2a6c7f36f3c769f4c68067fa4b318c94098eb24eae999ab3c0,33689,False,PDF可打开；首页可提取文本,10,"SHARE > SHARE wave 5 Module CS Chair Stand Language: Generic © 2016 MEA All rights reserved. Nothing from this publication may be reproduced, stored in a computer database, or made public in any form or by any means, be it electronically, mechanically, through photocopies, recordings or otherwise, without the prior written consent of the publisher. "
SHARE/官方材料/codebook/SHARE wave 5/DN1 - Demographics and networks_codebook.pdf,材料/SHARE/官方材料/codebook/SHARE wave 5/DN1 - Demographics and networks_codebook.pdf,c347b7d34ed54dc0489a9361348d1ebfe4ae98252309e7f353448b0f81dc5c65,144220,False,PDF可打开；首页可提取文本,42,"SHARE > SHARE wave 5 Module DN1 Demographics and networks Language: Generic © 2016 MEA All rights reserved. Nothing from this publication may be reproduced, stored in a computer database, or made public in any form or by any means, be it electronically, mechanically, through photocopies, recordings or otherwise, without the prior written consent of the publisher. "
SHARE/官方材料/codebook/SHARE wave 5/DN2 - Demographics and networks_codebook.pdf,材料/SHARE/官方材料/codebook/SHARE wave 5/DN2 - Demographics and networks_codebook.pdf,7095c6697e46067676f69ff69e3f3df828232088125130d71a81e075addbf0f0,51140,False,PDF可打开；首页可提取文本,14,"SHARE > SHARE wave 5 Module DN2 Demographics and networks Language: Generic © 2016 MEA All rights reserved. Nothing from this publication may be reproduced, stored in a computer database, or made public in any form or by any means, be it electronically, mechanically, through photocopies, recordings or otherwise, without the prior written consent of the publisher. "
SHARE/官方材料/codebook/SHARE wave 5/EP - Employment and pensions_codebook.pdf,材料/SHARE/官方材料/codebook/SHARE wave 5/EP - Employment and pensions_codebook.pdf,ca2e690f4d2058b81863469c73bedecf37e29955dcf0bc72654460f7aeefd3e2,424270,False,PDF可打开；首页可提取文本,145,"SHARE > SHARE wave 5 Module EP Employment and pensions Language: Generic © 2016 MEA All rights reserved. Nothing from this publication may be reproduced, stored in a computer database, or made public in any form or by any means, be it electronically, mechanically, through photocopies, recordings or otherwise, without the prior written consent of the publisher. "
SHARE/官方材料/codebook/SHARE wave 5/EX - Expectations_codebook.pdf,材料/SHARE/官方材料/codebook/SHARE wave 5/EX - Expectations_codebook.pdf,a858c0e543aa879358685492944d40259521827dd67a0c52ac8d1635ae4844b9,42966,False,PDF可打开；首页可提取文本,11,"SHARE > SHARE wave 5 Module EX Expectations Language: Generic © 2016 MEA All rights reserved. Nothing from this publication may be reproduced, stored in a computer database, or made public in any form or by any means, be it electronically, mechanically, through photocopies, recordings or otherwise, without the prior written consent of the publisher. "
SHARE/官方材料/codebook/SHARE wave 5/FT - Financial transfers_codebook.pdf,材料/SHARE/官方材料/codebook/SHARE wave 5/FT - Financial transfers_codebook.pdf,953b878b0815c1933ddd6030025f0ca88d1539d4b58ed320d4c3a40f14e98820,80965,False,PDF可打开；首页可提取文本,23,"SHARE > SHARE wave 5 Module FT Financial transfers Language: Generic © 2016 MEA All rights reserved. Nothing from this publication may be reproduced, stored in a computer database, or made public in any form or by any means, be it electronically, mechanically, through photocopies, recordings or otherwise, without the prior written consent of the publisher. "
SHARE/官方材料/codebook/SHARE wave 5/GS - Gripstrength_codebook.pdf,材料/SHARE/官方材料/codebook/SHARE wave 5/GS - Gripstrength_codebook.pdf,221bfaf359bd5d2abb8dcfb13bef922324ea14ef00e1805481974fe1de56ab57,34863,False,PDF可打开；首页可提取文本,10,"SHARE > SHARE wave 5 Module GS Gripstrength Language: Generic © 2016 MEA All rights reserved. Nothing from this publication may be reproduced, stored in a computer database, or made public in any form or by any means, be it electronically, mechanically, through photocopies, recordings or otherwise, without the prior written consent of the publisher. "
SHARE/官方材料/codebook/SHARE wave 5/HC - Health care_codebook.pdf,材料/SHARE/官方材料/codebook/SHARE wave 5/HC - Health care_codebook.pdf,d6b9b505cedee1de63e2070e4318b183f1f0b7031ebfab4d02a1ac0534805566,58424,False,PDF可打开；首页可提取文本,16,"SHARE > SHARE wave 5 Module HC Health care Language: Generic © 2016 MEA All rights reserved. Nothing from this publication may be reproduced, stored in a computer database, or made public in any form or by any means, be it electronically, mechanically, through photocopies, recordings or otherwise, without the prior written consent of the publisher. "
SHARE/官方材料/codebook/SHARE wave 5/HH - Household income_codebook.pdf,材料/SHARE/官方材料/codebook/SHARE wave 5/HH - Household income_codebook.pdf,8e652a38b95892c5835ec6d414157d23654ee49c6fec94cabe39abc70dc20fe3,39785,False,PDF可打开；首页可提取文本,11,"SHARE > SHARE wave 5 Module HH Household income Language: Generic © 2016 MEA All rights reserved. Nothing from this publication may be reproduced, stored in a computer database, or made public in any form or by any means, be it electronically, mechanically, through photocopies, recordings or otherwise, without the prior written consent of the publisher. "
SHARE/官方材料/codebook/SHARE wave 5/HO - Housing_codebook.pdf,材料/SHARE/官方材料/codebook/SHARE wave 5/HO - Housing_codebook.pdf,73894656138dc4c16ebca4bf6b13c6cc95c00ff6c880e46abee184d2178edd6e,94164,False,PDF可打开；首页可提取文本,29,"SHARE > SHARE wave 5 Module HO Housing Language: Generic © 2016 MEA All rights reserved. Nothing from this publication may be reproduced, stored in a computer database, or made public in any form or by any means, be it electronically, mechanically, through photocopies, recordings or otherwise, without the prior written consent of the publisher. "
SHARE/官方材料/codebook/SHARE wave 5/IT - Computer Use_codebook.pdf,材料/SHARE/官方材料/codebook/SHARE wave 5/IT - Computer Use_codebook.pdf,1f062434bf5075b960a1cc6790819047a3fe4d2fda3306f84bf3188677c5edd5,23500,False,PDF可打开；首页可提取文本,7,"SHARE > SHARE wave 5 Module IT Computer Use Language: Generic © 2016 MEA All rights reserved. Nothing from this publication may be reproduced, stored in a computer database, or made public in any form or by any means, be it electronically, mechanically, through photocopies, recordings or otherwise, without the prior written consent of the publisher. "
SHARE/官方材料/codebook/SHARE wave 5/IV - Interviewer_codebook.pdf,材料/SHARE/官方材料/codebook/SHARE wave 5/IV - Interviewer_codebook.pdf,b21970f04a2dfb54a8bb5362e2368fb5d4c9214a0ec97217e4055dd3441c2414,39449,False,PDF可打开；首页可提取文本,11,"SHARE > SHARE wave 5 Module IV Interviewer Language: Generic © 2016 MEA All rights reserved. Nothing from this publication may be reproduced, stored in a computer database, or made public in any form or by any means, be it electronically, mechanically, through photocopies, recordings or otherwise, without the prior written consent of the publisher. "
SHARE/官方材料/codebook/SHARE wave 5/LI - Linking_codebook.pdf,材料/SHARE/官方材料/codebook/SHARE wave 5/LI - Linking_codebook.pdf,b28668593f11d4e82c6e19faca14e5de300e8cabd90ad505451eff84b6fac5d5,22095,False,PDF可打开；首页可提取文本,6,"SHARE > SHARE wave 5 Module LI Linking Language: Generic © 2016 MEA All rights reserved. Nothing from this publication may be reproduced, stored in a computer database, or made public in any form or by any means, be it electronically, mechanically, through photocopies, recordings or otherwise, without the prior written consent of the publisher. "
SHARE/官方材料/codebook/SHARE wave 5/MC - Mini Childhood_codebook.pdf,材料/SHARE/官方材料/codebook/SHARE wave 5/MC - Mini Childhood_codebook.pdf,78d6f219bb576e525f4fe699572f122fb360b231d5a7614f01fcf9c32cb5364e,44469,False,PDF可打开；首页可提取文本,13,"SHARE > SHARE wave 5 Module MC Mini Childhood Language: Generic © 2016 MEA All rights reserved. Nothing from this publication may be reproduced, stored in a computer database, or made public in any form or by any means, be it electronically, mechanically, through photocopies, recordings or otherwise, without the prior written consent of the publisher. "
SHARE/官方材料/codebook/SHARE wave 5/MH - Mental health_codebook.pdf,材料/SHARE/官方材料/codebook/SHARE wave 5/MH - Mental health_codebook.pdf,6fc312eec1fb2288e0114307a637a376f9d9c877c124f661a1c90dd7b734e73b,48228,False,PDF可打开；首页可提取文本,13,"SHARE > SHARE wave 5 Module MH Mental health Language: Generic © 2016 MEA All rights reserved. Nothing from this publication may be reproduced, stored in a computer database, or made public in any form or by any means, be it electronically, mechanically, through photocopies, recordings or otherwise, without the prior written consent of the publisher. "
SHARE/官方材料/codebook/SHARE wave 5/PH - Physical health_codebook.pdf,材料/SHARE/官方材料/codebook/SHARE wave 5/PH - Physical health_codebook.pdf,de1c1113f70d0bc1f000aab0e464e1ea01f4a8031c704b7109383b7184a4bc43,132868,False,PDF可打开；首页可提取文本,44,"SHARE > SHARE wave 5 Module PH Physical health Language: Generic © 2016 MEA All rights reserved. Nothing from this publication may be reproduced, stored in a computer database, or made public in any form or by any means, be it electronically, mechanically, through photocopies, recordings or otherwise, without the prior written consent of the publisher. "
SHARE/官方材料/codebook/SHARE wave 5/SP - Social support_codebook.pdf,材料/SHARE/官方材料/codebook/SHARE wave 5/SP - Social support_codebook.pdf,de8742e73f3b671a5f3394dd9b44ad1735e0dff27a349d650909b4714a210b7b,94495,False,PDF可打开；首页可提取文本,31,"SHARE > SHARE wave 5 Module SP Social support Language: Generic © 2016 MEA All rights reserved. Nothing from this publication may be reproduced, stored in a computer database, or made public in any form or by any means, be it electronically, mechanically, through photocopies, recordings or otherwise, without the prior written consent of the publisher. "
SHARE/官方材料/codebook/SHARE wave 5/XT - End of life interview_codebook.pdf,材料/SHARE/官方材料/codebook/SHARE wave 5/XT - End of life interview_codebook.pdf,399c1a0f969f25f7df8c3dcc2ab114da043a492ee11aeedb3c02478e6f3283f9,110062,False,PDF可打开；首页可提取文本,31,"SHARE > SHARE wave 5 Module XT End of life interview Language: Generic © 2016 MEA All rights reserved. Nothing from this publication may be reproduced, stored in a computer database, or made public in any form or by any means, be it electronically, mechanically, through photocopies, recordings or otherwise, without the prior written consent of the publisher. "
SHARE/官方材料/codebook/SHARE wave 6/AC - Accommodation_codebook.pdf,材料/SHARE/官方材料/codebook/SHARE wave 6/AC - Accommodation_codebook.pdf,3d46e830e778752ca71c6d42b2e332e4193f7c3656139b998628c72b89d8a166,47030,False,PDF可打开；首页可提取文本,13,"SHARE > SHARE wave 6 Module AC Accommodation Language: Generic © 2017 MEA All rights reserved. Nothing from this publication may be reproduced, stored in a computer database, or made public in any form or by any means, be it electronically, mechanically, through photocopies, recordings or otherwise, without the prior written consent of the publisher. "
SHARE/官方材料/codebook/SHARE wave 6/AS - Assets_codebook.pdf,材料/SHARE/官方材料/codebook/SHARE wave 6/AS - Assets_codebook.pdf,f62e840ab11c71fa5eff2fa4f20e566aea4dfc379071ec2ba4ec0747fcb299fc,79463,False,PDF可打开；首页可提取文本,25,"SHARE > SHARE wave 6 Module AS Assets Language: Generic © 2017 MEA All rights reserved. Nothing from this publication may be reproduced, stored in a computer database, or made public in any form or by any means, be it electronically, mechanically, through photocopies, recordings or otherwise, without the prior written consent of the publisher. "
SHARE/官方材料/codebook/SHARE wave 6/BR - Behavioral risk_codebook.pdf,材料/SHARE/官方材料/codebook/SHARE wave 6/BR - Behavioral risk_codebook.pdf,72a5140bb3e59cc431f2be38b5a7924c931870ccfe99f3f2e43a45ac7532a7fc,39483,False,PDF可打开；首页可提取文本,11,"SHARE > SHARE wave 6 Module BR Behavioral risk Language: Generic © 2017 MEA All rights reserved. Nothing from this publication may be reproduced, stored in a computer database, or made public in any form or by any means, be it electronically, mechanically, through photocopies, recordings or otherwise, without the prior written consent of the publisher. "
SHARE/官方材料/codebook/SHARE wave 6/BS - Blood spots_codebook.pdf,材料/SHARE/官方材料/codebook/SHARE wave 6/BS - Blood spots_codebook.pdf,d6b5f836223f5fe49864eb88ebecee966cae1180e4eee1ebc0a61f8543cd281b,36021,False,PDF可打开；首页可提取文本,8,"SHARE > SHARE wave 6 Module BS Blood spots Language: Generic © 2017 MEA All rights reserved. Nothing from this publication may be reproduced, stored in a computer database, or made public in any form or by any means, be it electronically, mechanically, through photocopies, recordings or otherwise, without the prior written consent of the publisher. "
SHARE/官方材料/codebook/SHARE wave 6/CF - Cognitive function_codebook.pdf,材料/SHARE/官方材料/codebook/SHARE wave 6/CF - Cognitive function_codebook.pdf,c4d0894b490bec045e8963d40a23d332d70efc9db32b2055d6c05cc27c8380ad,56640,False,PDF可打开；首页可提取文本,16,"SHARE > SHARE wave 6 Module CF Cognitive function Language: Generic © 2017 MEA All rights reserved. Nothing from this publication may be reproduced, stored in a computer database, or made public in any form or by any means, be it electronically, mechanically, through photocopies, recordings or otherwise, without the prior written consent of the publisher. "
SHARE/官方材料/codebook/SHARE wave 6/CH - Children_codebook.pdf,材料/SHARE/官方材料/codebook/SHARE wave 6/CH - Children_codebook.pdf,2ce101287f56ab5aac3250191d6c4412f82e905e2b753b7cc39f05db5048ad21,359274,False,PDF可打开；首页可提取文本,131,"SHARE > SHARE wave 6 Module CH Children Language: Generic © 2017 MEA All rights reserved. Nothing from this publication may be reproduced, stored in a computer database, or made public in any form or by any means, be it electronically, mechanically, through photocopies, recordings or otherwise, without the prior written consent of the publisher. "
SHARE/官方材料/codebook/SHARE wave 6/CO - Consumption_codebook.pdf,材料/SHARE/官方材料/codebook/SHARE wave 6/CO - Consumption_codebook.pdf,78b1059e84a224d86f041dce4eab29727fb885b38e0306a65aefb623a197754b,35332,False,PDF可打开；首页可提取文本,10,"SHARE > SHARE wave 6 Module CO Consumption Language: Generic © 2017 MEA All rights reserved. Nothing from this publication may be reproduced, stored in a computer database, or made public in any form or by any means, be it electronically, mechanically, through photocopies, recordings or otherwise, without the prior written consent of the publisher. "
SHARE/官方材料/codebook/SHARE wave 6/DN - Demographics and networks_codebook.pdf,材料/SHARE/官方材料/codebook/SHARE wave 6/DN - Demographics and networks_codebook.pdf,24d34db27aabc97746974b29dcbaa46a85d11087ff9577675193968075178bb7,183214,False,PDF可打开；首页可提取文本,53,"SHARE > SHARE wave 6 Module DN Demographics and networks Language: Generic © 2017 MEA All rights reserved. Nothing from this publication may be reproduced, stored in a computer database, or made public in any form or by any means, be it electronically, mechanically, through photocopies, recordings or otherwise, without the prior written consent of the publisher. "
SHARE/官方材料/codebook/SHARE wave 6/EP - Employment and pensions_codebook.pdf,材料/SHARE/官方材料/codebook/SHARE wave 6/EP - Employment and pensions_codebook.pdf,f0bf77c0a1f6a9b7e2c6f1d610c127680ba5055e5e1c7cecbed97220e88ac629,281271,False,PDF可打开；首页可提取文本,93,"SHARE > SHARE wave 6 Module EP Employment and pensions Language: Generic © 2017 MEA All rights reserved. Nothing from this publication may be reproduced, stored in a computer database, or made public in any form or by any means, be it electronically, mechanically, through photocopies, recordings or otherwise, without the prior written consent of the publisher. "
SHARE/官方材料/codebook/SHARE wave 6/EX - Expectations_codebook.pdf,材料/SHARE/官方材料/codebook/SHARE wave 6/EX - Expectations_codebook.pdf,87b3aa1334adb148a5dcf7d125f260311d47f1f7c5ba904a9bbfd7ae6e9428ce,44199,False,PDF可打开；首页可提取文本,11,"SHARE > SHARE wave 6 Module EX Expectations Language: Generic © 2017 MEA All rights reserved. Nothing from this publication may be reproduced, stored in a computer database, or made public in any form or by any means, be it electronically, mechanically, through photocopies, recordings or otherwise, without the prior written consent of the publisher. "
SHARE/官方材料/codebook/SHARE wave 6/FT - Financial transfers_codebook.pdf,材料/SHARE/官方材料/codebook/SHARE wave 6/FT - Financial transfers_codebook.pdf,3eeee7909d3bc6b112bef62dc89d52b2fbdbfa413f90297ee799d7809f773c6f,119146,False,PDF可打开；首页可提取文本,36,"SHARE > SHARE wave 6 Module FT Financial transfers Language: Generic © 2017 MEA All rights reserved. Nothing from this publication may be reproduced, stored in a computer database, or made public in any form or by any means, be it electronically, mechanically, through photocopies, recordings or otherwise, without the prior written consent of the publisher. "
SHARE/官方材料/codebook/SHARE wave 6/GS - Gripstrength_codebook.pdf,材料/SHARE/官方材料/codebook/SHARE wave 6/GS - Gripstrength_codebook.pdf,a5d0a17393fdafe4d433bfa9e5461951b6a1456718de196925622af1743e6390,35556,False,PDF可打开；首页可提取文本,10,"SHARE > SHARE wave 6 Module GS Gripstrength Language: Generic © 2017 MEA All rights reserved. Nothing from this publication may be reproduced, stored in a computer database, or made public in any form or by any means, be it electronically, mechanically, through photocopies, recordings or otherwise, without the prior written consent of the publisher. "
SHARE/官方材料/codebook/SHARE wave 6/HC - Health care_codebook.pdf,材料/SHARE/官方材料/codebook/SHARE wave 6/HC - Health care_codebook.pdf,ed56a05287d082371cf262e7dfeb15c6c68b5e31a75035db75f73a70e119c0d2,69648,False,PDF可打开；首页可提取文本,19,"SHARE > SHARE wave 6 Module HC Health care Language: Generic © 2017 MEA All rights reserved. Nothing from this publication may be reproduced, stored in a computer database, or made public in any form or by any means, be it electronically, mechanically, through photocopies, recordings or otherwise, without the prior written consent of the publisher. "
SHARE/官方材料/codebook/SHARE wave 6/HH - Household income_codebook.pdf,材料/SHARE/官方材料/codebook/SHARE wave 6/HH - Household income_codebook.pdf,7bd53bea36f8f74d526e32def8d2d6a4eba59574fdf2f93697f58e243b590fb7,33709,False,PDF可打开；首页可提取文本,10,"SHARE > SHARE wave 6 Module HH Household income Language: Generic © 2017 MEA All rights reserved. Nothing from this publication may be reproduced, stored in a computer database, or made public in any form or by any means, be it electronically, mechanically, through photocopies, recordings or otherwise, without the prior written consent of the publisher. "
SHARE/官方材料/codebook/SHARE wave 6/HO - Housing_codebook.pdf,材料/SHARE/官方材料/codebook/SHARE wave 6/HO - Housing_codebook.pdf,7fb6ef5d43fe2b454655281913a7e136467dc71f1ea0c2e9beeddf7e18611a40,104816,False,PDF可打开；首页可提取文本,33,"SHARE > SHARE wave 6 Module HO Housing Language: Generic © 2017 MEA All rights reserved. Nothing from this publication may be reproduced, stored in a computer database, or made public in any form or by any means, be it electronically, mechanically, through photocopies, recordings or otherwise, without the prior written consent of the publisher. "
SHARE/官方材料/codebook/SHARE wave 6/IT - Computer Use_codebook.pdf,材料/SHARE/官方材料/codebook/SHARE wave 6/IT - Computer Use_codebook.pdf,0a07c83927c95444c5e9adfc9bfb9188ea349081d777d549545eacdc4c4e037c,23510,False,PDF可打开；首页可提取文本,7,"SHARE > SHARE wave 6 Module IT Computer Use Language: Generic © 2017 MEA All rights reserved. Nothing from this publication may be reproduced, stored in a computer database, or made public in any form or by any means, be it electronically, mechanically, through photocopies, recordings or otherwise, without the prior written consent of the publisher. "
SHARE/官方材料/codebook/SHARE wave 6/IV - Interviewer_codebook.pdf,材料/SHARE/官方材料/codebook/SHARE wave 6/IV - Interviewer_codebook.pdf,8a356000777c09898599b018b22f7be6ef3814babf15e7ed02951f1ca4767a04,38910,False,PDF可打开；首页可提取文本,11,"SHARE > SHARE wave 6 Module IV Interviewer Language: Generic © 2017 MEA All rights reserved. Nothing from this publication may be reproduced, stored in a computer database, or made public in any form or by any means, be it electronically, mechanically, through photocopies, recordings or otherwise, without the prior written consent of the publisher. "
SHARE/官方材料/codebook/SHARE wave 6/LI - Linking_codebook.pdf,材料/SHARE/官方材料/codebook/SHARE wave 6/LI - Linking_codebook.pdf,542ae0fe092ca7a2322b5605bdecf124315253bbefd230c58e3d7fc4fef0b0fa,22334,False,PDF可打开；首页可提取文本,6,"SHARE > SHARE wave 6 Module LI Linking Language: Generic © 2017 MEA All rights reserved. Nothing from this publication may be reproduced, stored in a computer database, or made public in any form or by any means, be it electronically, mechanically, through photocopies, recordings or otherwise, without the prior written consent of the publisher. "
SHARE/官方材料/codebook/SHARE wave 6/MH - Mental health_codebook.pdf,材料/SHARE/官方材料/codebook/SHARE wave 6/MH - Mental health_codebook.pdf,bde827a68446413a0c092f0e73807dfdfcfa62db372172b9b0bf71a2c700e22c,41359,False,PDF可打开；首页可提取文本,11,"SHARE > SHARE wave 6 Module MH Mental health Language: Generic © 2017 MEA All rights reserved. Nothing from this publication may be reproduced, stored in a computer database, or made public in any form or by any means, be it electronically, mechanically, through photocopies, recordings or otherwise, without the prior written consent of the publisher. "
SHARE/官方材料/codebook/SHARE wave 6/PF - Peak FLow_codebook.pdf,材料/SHARE/官方材料/codebook/SHARE wave 6/PF - Peak FLow_codebook.pdf,698828e740cb2958a1cb774ba22f94c5c5aee9b83821d64ae3a48fa7fa994113,28565,False,PDF可打开；首页可提取文本,8,"SHARE > SHARE wave 6 Module PF Peak FLow Language: Generic © 2017 MEA All rights reserved. Nothing from this publication may be reproduced, stored in a computer database, or made public in any form or by any means, be it electronically, mechanically, through photocopies, recordings or otherwise, without the prior written consent of the publisher. "
SHARE/官方材料/codebook/SHARE wave 6/PH - Physical health_codebook.pdf,材料/SHARE/官方材料/codebook/SHARE wave 6/PH - Physical health_codebook.pdf,92b6c2c7b3c7e063586ba7ceaf57b9d562ac2909bea1feb7fcf788eb8e6e0014,131492,False,PDF可打开；首页可提取文本,44,"SHARE > SHARE wave 6 Module PH Physical health Language: Generic © 2017 MEA All rights reserved. Nothing from this publication may be reproduced, stored in a computer database, or made public in any form or by any means, be it electronically, mechanically, through photocopies, recordings or otherwise, without the prior written consent of the publisher. "
SHARE/官方材料/codebook/SHARE wave 6/SN - Social Network_codebook.pdf,材料/SHARE/官方材料/codebook/SHARE wave 6/SN - Social Network_codebook.pdf,dae3a5107c430836810a058a6e49f4eb0a77f3bc6ae9774c7cd3f86073b9d009,98390,False,PDF可打开；首页可提取文本,30,"SHARE > SHARE wave 6 Module SN Social Network Language: Generic © 2017 MEA All rights reserved. Nothing from this publication may be reproduced, stored in a computer database, or made public in any form or by any means, be it electronically, mechanically, through photocopies, recordings or otherwise, without the prior written consent of the publisher. "
SHARE/官方材料/codebook/SHARE wave 6/SP - Social support_codebook.pdf,材料/SHARE/官方材料/codebook/SHARE wave 6/SP - Social support_codebook.pdf,8b732879a24fae00230b20e6de1f211647e132d7dc0a433c2a833297e1575143,128428,False,PDF可打开；首页可提取文本,42,"SHARE > SHARE wave 6 Module SP Social support Language: Generic © 2017 MEA All rights reserved. Nothing from this publication may be reproduced, stored in a computer database, or made public in any form or by any means, be it electronically, mechanically, through photocopies, recordings or otherwise, without the prior written consent of the publisher. "
SHARE/官方材料/codebook/SHARE wave 6/XT - End of life interview_codebook.pdf,材料/SHARE/官方材料/codebook/SHARE wave 6/XT - End of life interview_codebook.pdf,927f3da5140937b99f5f9058d58fd4b20388bdbf20fd40a3d99ea88f53dfc7fc,125753,False,PDF可打开；首页可提取文本,37,"SHARE > SHARE wave 6 Module XT End of life interview Language: Generic © 2017 MEA All rights reserved. Nothing from this publication may be reproduced, stored in a computer database, or made public in any form or by any means, be it electronically, mechanically, through photocopies, recordings or otherwise, without the prior written consent of the publisher. "
SHARE/官方材料/codebook/SHARE wave 7/AC - Activities_codebook.pdf,材料/SHARE/官方材料/codebook/SHARE wave 7/AC - Activities_codebook.pdf,81f05f677fd63c3084d2a2b6492ba0bf0b901630705eac6ab7bc3ace3b1f0b01,63492,False,PDF可打开；首页可提取文本,17,"SHARE > SHARE wave 7 Module AC Activities Language: Generic © 2019 MEA All rights reserved. Nothing from this publication may be reproduced, stored in a computer database, or made public in any form or by any means, be it electronically, mechanically, through photocopies, recordings or otherwise, without the prior written consent of the publisher. "
SHARE/官方材料/codebook/SHARE wave 7/AS - Assets_codebook.pdf,材料/SHARE/官方材料/codebook/SHARE wave 7/AS - Assets_codebook.pdf,ef09f7ac19fe6c71fb5e00646a5ab80a98377a17e98accc187da0faf3d59ae2d,79798,False,PDF可打开；首页可提取文本,25,"SHARE > SHARE wave 7 Module AS Assets Language: Generic © 2019 MEA All rights reserved. Nothing from this publication may be reproduced, stored in a computer database, or made public in any form or by any means, be it electronically, mechanically, through photocopies, recordings or otherwise, without the prior written consent of the publisher. "
SHARE/官方材料/codebook/SHARE wave 7/BR - Behavioral risk_codebook.pdf,材料/SHARE/官方材料/codebook/SHARE wave 7/BR - Behavioral risk_codebook.pdf,0e20f73768dcff45dfb4c3309e1819ff4658dd86393060a97f8a6c1a0e974045,39651,False,PDF可打开；首页可提取文本,11,"SHARE > SHARE wave 7 Module BR Behavioral risk Language: Generic © 2019 MEA All rights reserved. Nothing from this publication may be reproduced, stored in a computer database, or made public in any form or by any means, be it electronically, mechanically, through photocopies, recordings or otherwise, without the prior written consent of the publisher. "
SHARE/官方材料/codebook/SHARE wave 7/CC - Childhood Circumstances_codebook.pdf,材料/SHARE/官方材料/codebook/SHARE wave 7/CC - Childhood Circumstances_codebook.pdf,75af286c80f54ab203286972ddf042e2f838269e62799ccfd497b1b1f26d655f,55569,False,PDF可打开；首页可提取文本,15,"SHARE > SHARE wave 7 Module CC Childhood Circumstances Language: Generic © 2019 MEA All rights reserved. Nothing from this publication may be reproduced, stored in a computer database, or made public in any form or by any means, be it electronically, mechanically, through photocopies, recordings or otherwise, without the prior written consent of the publisher. "
SHARE/官方材料/codebook/SHARE wave 7/CF - Cognitive function_codebook.pdf,材料/SHARE/官方材料/codebook/SHARE wave 7/CF - Cognitive function_codebook.pdf,59aa851119952a059ae465f3a56a8fc2de608270d7c56557ad6703a857bf5a8b,62118,False,PDF可打开；首页可提取文本,17,"SHARE > SHARE wave 7 Module CF Cognitive function Language: Generic © 2019 MEA All rights reserved. Nothing from this publication may be reproduced, stored in a computer database, or made public in any form or by any means, be it electronically, mechanically, through photocopies, recordings or otherwise, without the prior written consent of the publisher. "
SHARE/官方材料/codebook/SHARE wave 7/CH - Children_codebook.pdf,材料/SHARE/官方材料/codebook/SHARE wave 7/CH - Children_codebook.pdf,f96dd0153d8a739da10224cdbb1cb2a7d13fc52eea67c405962e271748968138,484270,False,PDF可打开；首页可提取文本,204,"SHARE > SHARE wave 7 Module CH Children Language: Generic © 2019 MEA All rights reserved. Nothing from this publication may be reproduced, stored in a computer database, or made public in any form or by any means, be it electronically, mechanically, through photocopies, recordings or otherwise, without the prior written consent of the publisher. "
SHARE/官方材料/codebook/SHARE wave 7/CO - Consumption_codebook.pdf,材料/SHARE/官方材料/codebook/SHARE wave 7/CO - Consumption_codebook.pdf,66b327a0af1a112b76bac67cce5611fd11cb94b3803641ef9db3154a7f4b4d27,36904,False,PDF可打开；首页可提取文本,10,"SHARE > SHARE wave 7 Module CO Consumption Language: Generic © 2019 MEA All rights reserved. Nothing from this publication may be reproduced, stored in a computer database, or made public in any form or by any means, be it electronically, mechanically, through photocopies, recordings or otherwise, without the prior written consent of the publisher. "
SHARE/官方材料/codebook/SHARE wave 7/DN - Demographics and networks_codebook.pdf,材料/SHARE/官方材料/codebook/SHARE wave 7/DN - Demographics and networks_codebook.pdf,df68fd7f5716029ec63b9366f313a37791ac195740cf8a0f008aae9a8ae8c209,169464,False,PDF可打开；首页可提取文本,51,"SHARE > SHARE wave 7 Module DN Demographics and networks Language: Generic © 2019 MEA All rights reserved. Nothing from this publication may be reproduced, stored in a computer database, or made public in any form or by any means, be it electronically, mechanically, through photocopies, recordings or otherwise, without the prior written consent of the publisher. "
SHARE/官方材料/codebook/SHARE wave 7/DQ - Disability_codebook.pdf,材料/SHARE/官方材料/codebook/SHARE wave 7/DQ - Disability_codebook.pdf,9eccf7232fe7b972b27365d3b04c013fb57a32b9350f70eba83dd1410ab8b737,116397,False,PDF可打开；首页可提取文本,42,"SHARE > SHARE wave 7 Module DQ Disability Language: Generic © 2019 MEA All rights reserved. Nothing from this publication may be reproduced, stored in a computer database, or made public in any form or by any means, be it electronically, mechanically, through photocopies, recordings or otherwise, without the prior written consent of the publisher. "
SHARE/官方材料/codebook/SHARE wave 7/EP - Employment and pensions_codebook.pdf,材料/SHARE/官方材料/codebook/SHARE wave 7/EP - Employment and pensions_codebook.pdf,cc775c871f578699aeb1f7d27b5853066c23d6fe7d28105106bc45d0a32d6f83,322595,False,PDF可打开；首页可提取文本,110,"SHARE > SHARE wave 7 Module EP Employment and pensions Language: Generic © 2019 MEA All rights reserved. Nothing from this publication may be reproduced, stored in a computer database, or made public in any form or by any means, be it electronically, mechanically, through photocopies, recordings or otherwise, without the prior written consent of the publisher. "
SHARE/官方材料/codebook/SHARE wave 7/EX - Expectations_codebook.pdf,材料/SHARE/官方材料/codebook/SHARE wave 7/EX - Expectations_codebook.pdf,b3d880ebdeb7290895e9cf8421927e5420f79eaf253aefd83907a9bc45b9dad1,46195,False,PDF可打开；首页可提取文本,12,"SHARE > SHARE wave 7 Module EX Expectations Language: Generic © 2019 MEA All rights reserved. Nothing from this publication may be reproduced, stored in a computer database, or made public in any form or by any means, be it electronically, mechanically, through photocopies, recordings or otherwise, without the prior written consent of the publisher. "
SHARE/官方材料/codebook/SHARE wave 7/FS - Financial Section_codebook.pdf,材料/SHARE/官方材料/codebook/SHARE wave 7/FS - Financial Section_codebook.pdf,abc659031bd2e945a184b4824b90aaa1c6c4cc6706dc8741611c82e6bee4ad82,30061,False,PDF可打开；首页可提取文本,8,"SHARE > SHARE wave 7 Module FS Financial Section Language: Generic © 2019 MEA All rights reserved. Nothing from this publication may be reproduced, stored in a computer database, or made public in any form or by any means, be it electronically, mechanically, through photocopies, recordings or otherwise, without the prior written consent of the publisher. "
SHARE/官方材料/codebook/SHARE wave 7/FT - Financial transfers_codebook.pdf,材料/SHARE/官方材料/codebook/SHARE wave 7/FT - Financial transfers_codebook.pdf,f8839f5a1245db464bcf7240b531c155c1c49bd010cbd07cfb26dec1571f102c,103649,False,PDF可打开；首页可提取文本,32,"SHARE > SHARE wave 7 Module FT Financial transfers Language: Generic © 2019 MEA All rights reserved. Nothing from this publication may be reproduced, stored in a computer database, or made public in any form or by any means, be it electronically, mechanically, through photocopies, recordings or otherwise, without the prior written consent of the publisher. "
SHARE/官方材料/codebook/SHARE wave 7/GL - General Life_codebook.pdf,材料/SHARE/官方材料/codebook/SHARE wave 7/GL - General Life_codebook.pdf,6e5076f6f668a935c6344e74a61e0bfefd47346750d3317084c41080d9a41274,78929,False,PDF可打开；首页可提取文本,24,"SHARE > SHARE wave 7 Module GL General Life Language: Generic © 2019 MEA All rights reserved. Nothing from this publication may be reproduced, stored in a computer database, or made public in any form or by any means, be it electronically, mechanically, through photocopies, recordings or otherwise, without the prior written consent of the publisher. "
SHARE/官方材料/codebook/SHARE wave 7/GS - Gripstrength_codebook.pdf,材料/SHARE/官方材料/codebook/SHARE wave 7/GS - Gripstrength_codebook.pdf,db07613aa14139314999b30aa5fd82b2079ca756665cd7bc7c7a2f6527b754d1,35772,False,PDF可打开；首页可提取文本,10,"SHARE > SHARE wave 7 Module GS Gripstrength Language: Generic © 2019 MEA All rights reserved. Nothing from this publication may be reproduced, stored in a computer database, or made public in any form or by any means, be it electronically, mechanically, through photocopies, recordings or otherwise, without the prior written consent of the publisher. "
SHARE/官方材料/codebook/SHARE wave 7/HC - Health care_codebook.pdf,材料/SHARE/官方材料/codebook/SHARE wave 7/HC - Health care_codebook.pdf,c09cf7f2bf0d68ca3f7c8959e64f3331e50d0ac709cb4c2d4149f96f7f3fdc99,78709,False,PDF可打开；首页可提取文本,22,"SHARE > SHARE wave 7 Module HC Health care Language: Generic © 2019 MEA All rights reserved. Nothing from this publication may be reproduced, stored in a computer database, or made public in any form or by any means, be it electronically, mechanically, through photocopies, recordings or otherwise, without the prior written consent of the publisher. "
SHARE/官方材料/codebook/SHARE wave 7/HH - Household income_codebook.pdf,材料/SHARE/官方材料/codebook/SHARE wave 7/HH - Household income_codebook.pdf,6ab751e03569a4237b821dd7aca9ff4aad4d62852e06b65a1afc5f41fe4c229e,33906,False,PDF可打开；首页可提取文本,10,"SHARE > SHARE wave 7 Module HH Household income Language: Generic © 2019 MEA All rights reserved. Nothing from this publication may be reproduced, stored in a computer database, or made public in any form or by any means, be it electronically, mechanically, through photocopies, recordings or otherwise, without the prior written consent of the publisher. "
SHARE/官方材料/codebook/SHARE wave 7/HO - Housing_codebook.pdf,材料/SHARE/官方材料/codebook/SHARE wave 7/HO - Housing_codebook.pdf,e18e6390630c568d486651a4f04a5d86205e7d41e2cd31ad3dcf421962ae779f,84391,False,PDF可打开；首页可提取文本,24,"SHARE > SHARE wave 7 Module HO Housing Language: Generic © 2019 MEA All rights reserved. Nothing from this publication may be reproduced, stored in a computer database, or made public in any form or by any means, be it electronically, mechanically, through photocopies, recordings or otherwise, without the prior written consent of the publisher. "
SHARE/官方材料/codebook/SHARE wave 7/HS - Health history_codebook.pdf,材料/SHARE/官方材料/codebook/SHARE wave 7/HS - Health history_codebook.pdf,46a8423b850ad15b2a7719aef043e97566627411c69e99756e994a38ac0a472a,89371,False,PDF可打开；首页可提取文本,29,"SHARE > SHARE wave 7 Module HS Health history Language: Generic © 2019 MEA All rights reserved. Nothing from this publication may be reproduced, stored in a computer database, or made public in any form or by any means, be it electronically, mechanically, through photocopies, recordings or otherwise, without the prior written consent of the publisher. "
SHARE/官方材料/codebook/SHARE wave 7/IT - Computer Use_codebook.pdf,材料/SHARE/官方材料/codebook/SHARE wave 7/IT - Computer Use_codebook.pdf,48b64252a7bf712e0041bc264f548bda62f89182c37df3555947c181013da2cd,23520,False,PDF可打开；首页可提取文本,7,"SHARE > SHARE wave 7 Module IT Computer Use Language: Generic © 2019 MEA All rights reserved. Nothing from this publication may be reproduced, stored in a computer database, or made public in any form or by any means, be it electronically, mechanically, through photocopies, recordings or otherwise, without the prior written consent of the publisher. "
SHARE/官方材料/codebook/SHARE wave 7/IV - Interviewer_codebook.pdf,材料/SHARE/官方材料/codebook/SHARE wave 7/IV - Interviewer_codebook.pdf,19ee4c86db407ec2fec3136d1aef39445cc0ca1874356487396ce965d8622c0b,39973,False,PDF可打开；首页可提取文本,11,"SHARE > SHARE wave 7 Module IV Interviewer Language: Generic © 2019 MEA All rights reserved. Nothing from this publication may be reproduced, stored in a computer database, or made public in any form or by any means, be it electronically, mechanically, through photocopies, recordings or otherwise, without the prior written consent of the publisher. "
SHARE/官方材料/codebook/SHARE wave 7/LI - Linking_codebook.pdf,材料/SHARE/官方材料/codebook/SHARE wave 7/LI - Linking_codebook.pdf,21e96c1e6dcf0b2a402a79a0bcba9996354399adb70a4a192667004251bf08c9,21491,False,PDF可打开；首页可提取文本,6,"SHARE > SHARE wave 7 Module LI Linking Language: Generic © 2019 MEA All rights reserved. Nothing from this publication may be reproduced, stored in a computer database, or made public in any form or by any means, be it electronically, mechanically, through photocopies, recordings or otherwise, without the prior written consent of the publisher. "
SHARE/官方材料/codebook/SHARE wave 7/MH - Mental health_codebook.pdf,材料/SHARE/官方材料/codebook/SHARE wave 7/MH - Mental health_codebook.pdf,3d254e6e8f91da4da5b0c17a418df9c07426e1f4e581315b04bd4362e092a68f,42622,False,PDF可打开；首页可提取文本,11,"SHARE > SHARE wave 7 Module MH Mental health Language: Generic © 2019 MEA All rights reserved. Nothing from this publication may be reproduced, stored in a computer database, or made public in any form or by any means, be it electronically, mechanically, through photocopies, recordings or otherwise, without the prior written consent of the publisher. "
SHARE/官方材料/codebook/SHARE wave 7/PH - Physical health_codebook.pdf,材料/SHARE/官方材料/codebook/SHARE wave 7/PH - Physical health_codebook.pdf,9fdf305095f6ce2c570d0984e60874e7485c5e313ac1e3f868c9705c108b0bcd,135462,False,PDF可打开；首页可提取文本,46,"SHARE > SHARE wave 7 Module PH Physical health Language: Generic © 2019 MEA All rights reserved. Nothing from this publication may be reproduced, stored in a computer database, or made public in any form or by any means, be it electronically, mechanically, through photocopies, recordings or otherwise, without the prior written consent of the publisher. "
SHARE/官方材料/codebook/SHARE wave 7/RA - Retrospective Accommodation_codebook.pdf,材料/SHARE/官方材料/codebook/SHARE wave 7/RA - Retrospective Accommodation_codebook.pdf,bd6dc3458efd473a2b6f38411334d1e9ef2ea44635a79954b17d9941a6d64ad1,851505,False,PDF可打开；首页可提取文本,266,"SHARE > SHARE wave 7 Module RA Retrospective Accommodation Language: Generic © 2019 MEA All rights reserved. Nothing from this publication may be reproduced, stored in a computer database, or made public in any form or by any means, be it electronically, mechanically, through photocopies, recordings or otherwise, without the prior written consent of the publisher. "
SHARE/官方材料/codebook/SHARE wave 7/RC - Retrospective Children_codebook.pdf,材料/SHARE/官方材料/codebook/SHARE wave 7/RC - Retrospective Children_codebook.pdf,5408b34aed231ebee0ff8d9f8023b90dd039d3742b3fa57c9d5f57598dccfaee,391932,False,PDF可打开；首页可提取文本,121,"SHARE > SHARE wave 7 Module RC Retrospective Children Language: Generic © 2019 MEA All rights reserved. Nothing from this publication may be reproduced, stored in a computer database, or made public in any form or by any means, be it electronically, mechanically, through photocopies, recordings or otherwise, without the prior written consent of the publisher. "
SHARE/官方材料/codebook/SHARE wave 7/RE - Work History_codebook.pdf,材料/SHARE/官方材料/codebook/SHARE wave 7/RE - Work History_codebook.pdf,c757d000c4553253dae9cc70d7eabbc4e620e209aa1bdaa3e5bb4c8ec3a386ee,1623632,False,PDF可打开；首页可提取文本,456,"SHARE > SHARE wave 7 Module RE Work History Language: Generic © 2019 MEA All rights reserved. Nothing from this publication may be reproduced, stored in a computer database, or made public in any form or by any means, be it electronically, mechanically, through photocopies, recordings or otherwise, without the prior written consent of the publisher. "
SHARE/官方材料/codebook/SHARE wave 7/RH - Retrospective Health Care_codebook.pdf,材料/SHARE/官方材料/codebook/SHARE wave 7/RH - Retrospective Health Care_codebook.pdf,58d288d3aab8bfc4706c8915298a10c83673326b8970c4fcd907a54f1edf8582,79866,False,PDF可打开；首页可提取文本,26,"SHARE > SHARE wave 7 Module RH Retrospective Health Care Language: Generic © 2019 MEA All rights reserved. Nothing from this publication may be reproduced, stored in a computer database, or made public in any form or by any means, be it electronically, mechanically, through photocopies, recordings or otherwise, without the prior written consent of the publisher. "
SHARE/官方材料/codebook/SHARE wave 7/RP - Retrospective Partner_codebook.pdf,材料/SHARE/官方材料/codebook/SHARE wave 7/RP - Retrospective Partner_codebook.pdf,3c68b98765b07ab55029ed03bc71013130efdc0c6bde09c4e30a016c428f9a32,77963,False,PDF可打开；首页可提取文本,27,"SHARE > SHARE wave 7 Module RP Retrospective Partner Language: Generic © 2019 MEA All rights reserved. Nothing from this publication may be reproduced, stored in a computer database, or made public in any form or by any means, be it electronically, mechanically, through photocopies, recordings or otherwise, without the prior written consent of the publisher. "
SHARE/官方材料/codebook/SHARE wave 7/SP - Social support_codebook.pdf,材料/SHARE/官方材料/codebook/SHARE wave 7/SP - Social support_codebook.pdf,a92f500847249536b779950eab4579d4525e2f503c89b8993b5481088c678f06,127452,False,PDF可打开；首页可提取文本,43,"SHARE > SHARE wave 7 Module SP Social support Language: Generic © 2019 MEA All rights reserved. Nothing from this publication may be reproduced, stored in a computer database, or made public in any form or by any means, be it electronically, mechanically, through photocopies, recordings or otherwise, without the prior written consent of the publisher. "
SHARE/官方材料/codebook/SHARE wave 7/WQ - Work Quality_codebook.pdf,材料/SHARE/官方材料/codebook/SHARE wave 7/WQ - Work Quality_codebook.pdf,1cc2e73595742a17412ca3f8ae08a08965304a9aadb0ce397eeaca1cf5213504,163891,False,PDF可打开；首页可提取文本,59,"SHARE > SHARE wave 7 Module WQ Work Quality Language: Generic © 2019 MEA All rights reserved. Nothing from this publication may be reproduced, stored in a computer database, or made public in any form or by any means, be it electronically, mechanically, through photocopies, recordings or otherwise, without the prior written consent of the publisher. "
SHARE/官方材料/codebook/SHARE wave 7/XT - End of life interview_codebook.pdf,材料/SHARE/官方材料/codebook/SHARE wave 7/XT - End of life interview_codebook.pdf,c79bc296046bd8d3ecbb28e015b368f3f49adcf1bf85eb2d6d302adad3d0a566,162603,False,PDF可打开；首页可提取文本,52,"SHARE > SHARE wave 7 Module XT End of life interview Language: Generic © 2019 MEA All rights reserved. Nothing from this publication may be reproduced, stored in a computer database, or made public in any form or by any means, be it electronically, mechanically, through photocopies, recordings or otherwise, without the prior written consent of the publisher. "
SHARE/官方材料/codebook/SHARE wave 8/AC - Activities_codebook.pdf,材料/SHARE/官方材料/codebook/SHARE wave 8/AC - Activities_codebook.pdf,dba286917941e0a9f9ecb391ccd6bfe6d1d0bb30fa6cb050597dbabc8e2ea765,57804,False,PDF可打开；首页可提取文本,18,"SHARE > SHARE wave 8 Module AC Activities Language: Generic © 2022 MEA All rights reserved. Nothing from this publication may be reproduced, stored in a computer database, or made public in any form or by any means, be it electronically, mechanically, through photocopies, recordings or otherwise, without the prior written consent of the publisher. "
SHARE/官方材料/codebook/SHARE wave 8/AS - Assets_codebook.pdf,材料/SHARE/官方材料/codebook/SHARE wave 8/AS - Assets_codebook.pdf,80553b0d1c4160e2f9f11117e252477ab58bbbf39e7a90dc3a534b19479b5977,69221,False,PDF可打开；首页可提取文本,24,"SHARE > SHARE wave 8 Module AS Assets Language: Generic © 2022 MEA All rights reserved. Nothing from this publication may be reproduced, stored in a computer database, or made public in any form or by any means, be it electronically, mechanically, through photocopies, recordings or otherwise, without the prior written consent of the publisher. "
SHARE/官方材料/codebook/SHARE wave 8/AX - Activity_codebook.pdf,材料/SHARE/官方材料/codebook/SHARE wave 8/AX - Activity_codebook.pdf,f9a443bf192b296d8458c376a605ddb8bc9de0acb4587edf8f12009a85de4d13,33687,False,PDF可打开；首页可提取文本,8,"SHARE > SHARE wave 8 Module AX Activity Language: Generic © 2022 MEA All rights reserved. Nothing from this publication may be reproduced, stored in a computer database, or made public in any form or by any means, be it electronically, mechanically, through photocopies, recordings or otherwise, without the prior written consent of the publisher. "
SHARE/官方材料/codebook/SHARE wave 8/BR - Behavioral risk_codebook.pdf,材料/SHARE/官方材料/codebook/SHARE wave 8/BR - Behavioral risk_codebook.pdf,288cd5f11b0fb19de54e412e77b43ad5802f353a00d9dc24e202f6511c20a2a1,35917,False,PDF可打开；首页可提取文本,10,"SHARE > SHARE wave 8 Module BR Behavioral risk Language: Generic © 2022 MEA All rights reserved. Nothing from this publication may be reproduced, stored in a computer database, or made public in any form or by any means, be it electronically, mechanically, through photocopies, recordings or otherwise, without the prior written consent of the publisher. "
SHARE/官方材料/codebook/SHARE wave 8/CF - Cognitive function_codebook.pdf,材料/SHARE/官方材料/codebook/SHARE wave 8/CF - Cognitive function_codebook.pdf,56a9cded85e5778c7ac5f479a4bd19ff5150ff5a4160d05adb98c0a38efcecce,89396,False,PDF可打开；首页可提取文本,29,"SHARE > SHARE wave 8 Module CF Cognitive function Language: Generic © 2022 MEA All rights reserved. Nothing from this publication may be reproduced, stored in a computer database, or made public in any form or by any means, be it electronically, mechanically, through photocopies, recordings or otherwise, without the prior written consent of the publisher. "
SHARE/官方材料/codebook/SHARE wave 8/CH - Children_codebook.pdf,材料/SHARE/官方材料/codebook/SHARE wave 8/CH - Children_codebook.pdf,40b595474690e2a525f6175dce16d459ef28bb1cd2b5616ccdc9b6c90339bb87,540244,False,PDF可打开；首页可提取文本,234,"SHARE > SHARE wave 8 Module CH Children Language: Generic © 2022 MEA All rights reserved. Nothing from this publication may be reproduced, stored in a computer database, or made public in any form or by any means, be it electronically, mechanically, through photocopies, recordings or otherwise, without the prior written consent of the publisher. "
SHARE/官方材料/codebook/SHARE wave 8/CO - Consumption_codebook.pdf,材料/SHARE/官方材料/codebook/SHARE wave 8/CO - Consumption_codebook.pdf,e8ec642a8847b9f36588166d217aaf099e54ff0333887abcb1b3280a08257858,27537,False,PDF可打开；首页可提取文本,8,"SHARE > SHARE wave 8 Module CO Consumption Language: Generic © 2022 MEA All rights reserved. Nothing from this publication may be reproduced, stored in a computer database, or made public in any form or by any means, be it electronically, mechanically, through photocopies, recordings or otherwise, without the prior written consent of the publisher. "
SHARE/官方材料/codebook/SHARE wave 8/DN - Demographics and networks_codebook.pdf,材料/SHARE/官方材料/codebook/SHARE wave 8/DN - Demographics and networks_codebook.pdf,1a49baa58cf944a671e448526583937c75bff1d8f024651ae813baffbfd0a1a6,178699,False,PDF可打开；首页可提取文本,58,"SHARE > SHARE wave 8 Module DN Demographics and networks Language: Generic © 2022 MEA All rights reserved. Nothing from this publication may be reproduced, stored in a computer database, or made public in any form or by any means, be it electronically, mechanically, through photocopies, recordings or otherwise, without the prior written consent of the publisher. "
SHARE/官方材料/codebook/SHARE wave 8/EP - Employment and pensions_codebook.pdf,材料/SHARE/官方材料/codebook/SHARE wave 8/EP - Employment and pensions_codebook.pdf,6f7dd656d605161cb1569c4e9663aa5185f823a10f146e8d502a2d83f46846e4,265023,False,PDF可打开；首页可提取文本,101,"SHARE > SHARE wave 8 Module EP Employment and pensions Language: Generic © 2022 MEA All rights reserved. Nothing from this publication may be reproduced, stored in a computer database, or made public in any form or by any means, be it electronically, mechanically, through photocopies, recordings or otherwise, without the prior written consent of the publisher. "
SHARE/官方材料/codebook/SHARE wave 8/EX - Expectations_codebook.pdf,材料/SHARE/官方材料/codebook/SHARE wave 8/EX - Expectations_codebook.pdf,33ff18e34c6f5f11acd154d40f88601a794ecd8282e462c4d0eff95efa6a2efe,41046,False,PDF可打开；首页可提取文本,11,"SHARE > SHARE wave 8 Module EX Expectations Language: Generic © 2022 MEA All rights reserved. Nothing from this publication may be reproduced, stored in a computer database, or made public in any form or by any means, be it electronically, mechanically, through photocopies, recordings or otherwise, without the prior written consent of the publisher. "
SHARE/官方材料/codebook/SHARE wave 8/FT - Financial transfers_codebook.pdf,材料/SHARE/官方材料/codebook/SHARE wave 8/FT - Financial transfers_codebook.pdf,b20d32698d7b8da56042f06f1e365fc296fb24a735ae930d16e08c0ac1ed3a20,99902,False,PDF可打开；首页可提取文本,32,"SHARE > SHARE wave 8 Module FT Financial transfers Language: Generic © 2022 MEA All rights reserved. Nothing from this publication may be reproduced, stored in a computer database, or made public in any form or by any means, be it electronically, mechanically, through photocopies, recordings or otherwise, without the prior written consent of the publisher. "
SHARE/官方材料/codebook/SHARE wave 8/GS - Gripstrength_codebook.pdf,材料/SHARE/官方材料/codebook/SHARE wave 8/GS - Gripstrength_codebook.pdf,70c57f27309a5a2816c444797b2617c756384c45d9c407666793fa30cfae0e25,32633,False,PDF可打开；首页可提取文本,10,"SHARE > SHARE wave 8 Module GS Gripstrength Language: Generic © 2022 MEA All rights reserved. Nothing from this publication may be reproduced, stored in a computer database, or made public in any form or by any means, be it electronically, mechanically, through photocopies, recordings or otherwise, without the prior written consent of the publisher. "
SHARE/官方材料/codebook/SHARE wave 8/HC - Health care_codebook.pdf,材料/SHARE/官方材料/codebook/SHARE wave 8/HC - Health care_codebook.pdf,f2dcefe2971f509fce1c4b7ca242020587364bf9eba44d51d894ee24812b291d,61921,False,PDF可打开；首页可提取文本,19,"SHARE > SHARE wave 8 Module HC Health care Language: Generic © 2022 MEA All rights reserved. Nothing from this publication may be reproduced, stored in a computer database, or made public in any form or by any means, be it electronically, mechanically, through photocopies, recordings or otherwise, without the prior written consent of the publisher. "
SHARE/官方材料/codebook/SHARE wave 8/HH - Household income_codebook.pdf,材料/SHARE/官方材料/codebook/SHARE wave 8/HH - Household income_codebook.pdf,f04b31bab685eaecb44c3dda857392a753a52867206ff3ee615fa9fd7b9469c4,23966,False,PDF可打开；首页可提取文本,7,"SHARE > SHARE wave 8 Module HH Household income Language: Generic © 2022 MEA All rights reserved. Nothing from this publication may be reproduced, stored in a computer database, or made public in any form or by any means, be it electronically, mechanically, through photocopies, recordings or otherwise, without the prior written consent of the publisher. "
SHARE/官方材料/codebook/SHARE wave 8/HO - Housing_codebook.pdf,材料/SHARE/官方材料/codebook/SHARE wave 8/HO - Housing_codebook.pdf,1d3d660f2757b1c30c22ab11a5553220037533b348b35848b301b36d52eac953,83940,False,PDF可打开；首页可提取文本,29,"SHARE > SHARE wave 8 Module HO Housing Language: Generic © 2022 MEA All rights reserved. Nothing from this publication may be reproduced, stored in a computer database, or made public in any form or by any means, be it electronically, mechanically, through photocopies, recordings or otherwise, without the prior written consent of the publisher. "
SHARE/官方材料/codebook/SHARE wave 8/IT - Computer Use_codebook.pdf,材料/SHARE/官方材料/codebook/SHARE wave 8/IT - Computer Use_codebook.pdf,0233272f85703e3d525d44c4235c368359fa94d56e0641f181080d6c94184b37,22081,False,PDF可打开；首页可提取文本,6,"SHARE > SHARE wave 8 Module IT Computer Use Language: Generic © 2022 MEA All rights reserved. Nothing from this publication may be reproduced, stored in a computer database, or made public in any form or by any means, be it electronically, mechanically, through photocopies, recordings or otherwise, without the prior written consent of the publisher. "
SHARE/官方材料/codebook/SHARE wave 8/IV - Interviewer_codebook.pdf,材料/SHARE/官方材料/codebook/SHARE wave 8/IV - Interviewer_codebook.pdf,e3d9855b3d5dbeedf9d200c9381af1e835daf39c98c520febd793ce47c44d84c,37106,False,PDF可打开；首页可提取文本,11,"SHARE > SHARE wave 8 Module IV Interviewer Language: Generic © 2022 MEA All rights reserved. Nothing from this publication may be reproduced, stored in a computer database, or made public in any form or by any means, be it electronically, mechanically, through photocopies, recordings or otherwise, without the prior written consent of the publisher. "
SHARE/官方材料/codebook/SHARE wave 8/LI - Linking_codebook.pdf,材料/SHARE/官方材料/codebook/SHARE wave 8/LI - Linking_codebook.pdf,f0ba8c5e6ba5be3344f310084a2fc5150641d5e38d7f92387b38cbeb38bb40b7,22061,False,PDF可打开；首页可提取文本,6,"SHARE > SHARE wave 8 Module LI Linking Language: Generic © 2022 MEA All rights reserved. Nothing from this publication may be reproduced, stored in a computer database, or made public in any form or by any means, be it electronically, mechanically, through photocopies, recordings or otherwise, without the prior written consent of the publisher. "
SHARE/官方材料/codebook/SHARE wave 8/MH - Mental health_codebook.pdf,材料/SHARE/官方材料/codebook/SHARE wave 8/MH - Mental health_codebook.pdf,50edb24b052d68622b0910fdc258273afc33973345a26239a079cdf4e7064735,39033,False,PDF可打开；首页可提取文本,11,"SHARE > SHARE wave 8 Module MH Mental health Language: Generic © 2022 MEA All rights reserved. Nothing from this publication may be reproduced, stored in a computer database, or made public in any form or by any means, be it electronically, mechanically, through photocopies, recordings or otherwise, without the prior written consent of the publisher. "
SHARE/官方材料/codebook/SHARE wave 8/PH - Physical health_codebook.pdf,材料/SHARE/官方材料/codebook/SHARE wave 8/PH - Physical health_codebook.pdf,a88017554403f71d2f51d0469076387d217c80f53f7aa5112a2d2f49d3c4415f,125612,False,PDF可打开；首页可提取文本,47,"SHARE > SHARE wave 8 Module PH Physical health Language: Generic © 2022 MEA All rights reserved. Nothing from this publication may be reproduced, stored in a computer database, or made public in any form or by any means, be it electronically, mechanically, through photocopies, recordings or otherwise, without the prior written consent of the publisher. "
SHARE/官方材料/codebook/SHARE wave 8/SN - Social Networks_codebook.pdf,材料/SHARE/官方材料/codebook/SHARE wave 8/SN - Social Networks_codebook.pdf,40188a4c02cfc075271e16f7ce4050b4e9cf68121a916395c948bec16d0cc1c3,95658,False,PDF可打开；首页可提取文本,32,"SHARE > SHARE wave 8 Module SN Social Networks Language: Generic © 2022 MEA All rights reserved. Nothing from this publication may be reproduced, stored in a computer database, or made public in any form or by any means, be it electronically, mechanically, through photocopies, recordings or otherwise, without the prior written consent of the publisher. "
SHARE/官方材料/codebook/SHARE wave 8/SP - Social support_codebook.pdf,材料/SHARE/官方材料/codebook/SHARE wave 8/SP - Social support_codebook.pdf,a4b0915f8922ccd00fae6a2e9602d4e6334c3dac6dd82f99a6599ae112649a65,134313,False,PDF可打开；首页可提取文本,48,"SHARE > SHARE wave 8 Module SP Social support Language: Generic © 2022 MEA All rights reserved. Nothing from this publication may be reproduced, stored in a computer database, or made public in any form or by any means, be it electronically, mechanically, through photocopies, recordings or otherwise, without the prior written consent of the publisher. "
SHARE/官方材料/codebook/SHARE wave 8/SR - Savings Regret_codebook.pdf,材料/SHARE/官方材料/codebook/SHARE wave 8/SR - Savings Regret_codebook.pdf,037efcabcbe0abff9b49aace8f0343454046a8dec0714ad48d164e27a3c9a17c,48873,False,PDF可打开；首页可提取文本,16,"SHARE > SHARE wave 8 Module SR Savings Regret Language: Generic © 2022 MEA All rights reserved. Nothing from this publication may be reproduced, stored in a computer database, or made public in any form or by any means, be it electronically, mechanically, through photocopies, recordings or otherwise, without the prior written consent of the publisher. "
SHARE/官方材料/codebook/SHARE wave 8/TE - Time Expenditures_codebook.pdf,材料/SHARE/官方材料/codebook/SHARE wave 8/TE - Time Expenditures_codebook.pdf,073e14955603f10f0445f1b97803088136b4448742ba180f738d3547846369ee,52550,False,PDF可打开；首页可提取文本,16,"SHARE > SHARE wave 8 Module TE Time Expenditures Language: Generic © 2022 MEA All rights reserved. Nothing from this publication may be reproduced, stored in a computer database, or made public in any form or by any means, be it electronically, mechanically, through photocopies, recordings or otherwise, without the prior written consent of the publisher. "
SHARE/官方材料/codebook/SHARE wave 8/XT - End of life interview_codebook.pdf,材料/SHARE/官方材料/codebook/SHARE wave 8/XT - End of life interview_codebook.pdf,ef7e1d9dd730be7e7370e5050f0e199bca22acd4883517fe94aeebb17c76f53a,124980,False,PDF可打开；首页可提取文本,44,"SHARE > SHARE wave 8 Module XT End of life interview Language: Generic © 2022 MEA All rights reserved. Nothing from this publication may be reproduced, stored in a computer database, or made public in any form or by any means, be it electronically, mechanically, through photocopies, recordings or otherwise, without the prior written consent of the publisher. "
SHARE/官方材料/codebook/SHARE wave 9/AC - Activities_codebook.pdf,材料/SHARE/官方材料/codebook/SHARE wave 9/AC - Activities_codebook.pdf,eb9f08c229c070ba03d030fd82f72de07983a329f718c92628375ca96944e1d3,52391,False,PDF可打开；首页可提取文本,15,"SHARE > SHARE wave 9 Module AC Activities Language: Generic © 2024 MEA All rights reserved. Nothing from this publication may be reproduced, stored in a computer database, or made public in any form or by any means, be it electronically, mechanically, through photocopies, recordings or otherwise, without the prior written consent of the publisher. "
SHARE/官方材料/codebook/SHARE wave 9/AS - Assets_codebook.pdf,材料/SHARE/官方材料/codebook/SHARE wave 9/AS - Assets_codebook.pdf,89cb1e10d5aa28c4b8d09df231778f6bfae685627d6c5da7ef42a6a5b2c3f143,73033,False,PDF可打开；首页可提取文本,24,"SHARE > SHARE wave 9 Module AS Assets Language: Generic © 2024 MEA All rights reserved. Nothing from this publication may be reproduced, stored in a computer database, or made public in any form or by any means, be it electronically, mechanically, through photocopies, recordings or otherwise, without the prior written consent of the publisher. "
SHARE/官方材料/codebook/SHARE wave 9/BR - Behavioral risk_codebook.pdf,材料/SHARE/官方材料/codebook/SHARE wave 9/BR - Behavioral risk_codebook.pdf,93b26662c1c3d14cfe0143cb51c58897bd3ea674df8ce16e51ff6510a65df54b,37709,False,PDF可打开；首页可提取文本,11,"SHARE > SHARE wave 9 Module BR Behavioral risk Language: Generic © 2024 MEA All rights reserved. Nothing from this publication may be reproduced, stored in a computer database, or made public in any form or by any means, be it electronically, mechanically, through photocopies, recordings or otherwise, without the prior written consent of the publisher. "
SHARE/官方材料/codebook/SHARE wave 9/CF - Cognitive function_codebook.pdf,材料/SHARE/官方材料/codebook/SHARE wave 9/CF - Cognitive function_codebook.pdf,4859f0e54e2024b787c061ec955d97f11078d87318166ee1483e54796e987096,92523,False,PDF可打开；首页可提取文本,29,"SHARE > SHARE wave 9 Module CF Cognitive function Language: Generic © 2024 MEA All rights reserved. Nothing from this publication may be reproduced, stored in a computer database, or made public in any form or by any means, be it electronically, mechanically, through photocopies, recordings or otherwise, without the prior written consent of the publisher. "
SHARE/官方材料/codebook/SHARE wave 9/CH - Children_codebook.pdf,材料/SHARE/官方材料/codebook/SHARE wave 9/CH - Children_codebook.pdf,c55c3b0ae49727510faa41a09ae8f72dffc7d2da43eead2d669ca67e67ffbd8f,525274,False,PDF可打开；首页可提取文本,229,"SHARE > SHARE wave 9 Module CH Children Language: Generic © 2024 MEA All rights reserved. Nothing from this publication may be reproduced, stored in a computer database, or made public in any form or by any means, be it electronically, mechanically, through photocopies, recordings or otherwise, without the prior written consent of the publisher. "
SHARE/官方材料/codebook/SHARE wave 9/CO - Consumption_codebook.pdf,材料/SHARE/官方材料/codebook/SHARE wave 9/CO - Consumption_codebook.pdf,f922afdfe4531df68d699bc2c468cda00f3d4ffded5a4bc9a35c7b34aa812abf,31500,False,PDF可打开；首页可提取文本,9,"SHARE > SHARE wave 9 Module CO Consumption Language: Generic © 2024 MEA All rights reserved. Nothing from this publication may be reproduced, stored in a computer database, or made public in any form or by any means, be it electronically, mechanically, through photocopies, recordings or otherwise, without the prior written consent of the publisher. "
SHARE/官方材料/codebook/SHARE wave 9/DN - Demographics and networks_codebook.pdf,材料/SHARE/官方材料/codebook/SHARE wave 9/DN - Demographics and networks_codebook.pdf,6c196b1af55b6f44bd23ddeffa72bacda30fc1c0469de0e1b26ba012d8aab55e,139695,False,PDF可打开；首页可提取文本,48,"SHARE > SHARE wave 9 Module DN Demographics and networks Language: Generic © 2024 MEA All rights reserved. Nothing from this publication may be reproduced, stored in a computer database, or made public in any form or by any means, be it electronically, mechanically, through photocopies, recordings or otherwise, without the prior written consent of the publisher. "
SHARE/官方材料/codebook/SHARE wave 9/EP - Employment and pensions_codebook.pdf,材料/SHARE/官方材料/codebook/SHARE wave 9/EP - Employment and pensions_codebook.pdf,06ee4a968d14ff8824df3e7ccfa7fa8f17767ac6a602eb255207babef114278c,264208,False,PDF可打开；首页可提取文本,98,"SHARE > SHARE wave 9 Module EP Employment and pensions Language: Generic © 2024 MEA All rights reserved. Nothing from this publication may be reproduced, stored in a computer database, or made public in any form or by any means, be it electronically, mechanically, through photocopies, recordings or otherwise, without the prior written consent of the publisher. "
SHARE/官方材料/codebook/SHARE wave 9/EX - Expectations_codebook.pdf,材料/SHARE/官方材料/codebook/SHARE wave 9/EX - Expectations_codebook.pdf,0ba5506fc204558bd0d8eff694718611a70d834baba1094acfc0ab2030bcbf1f,39241,False,PDF可打开；首页可提取文本,10,"SHARE > SHARE wave 9 Module EX Expectations Language: Generic © 2024 MEA All rights reserved. Nothing from this publication may be reproduced, stored in a computer database, or made public in any form or by any means, be it electronically, mechanically, through photocopies, recordings or otherwise, without the prior written consent of the publisher. "
SHARE/官方材料/codebook/SHARE wave 9/FT - Financial transfers_codebook.pdf,材料/SHARE/官方材料/codebook/SHARE wave 9/FT - Financial transfers_codebook.pdf,cbe0a5348bd952fc811a8d1fc1d0ef7de7acb8fcc8ad6b5ace44b2116880f288,76782,False,PDF可打开；首页可提取文本,25,"SHARE > SHARE wave 9 Module FT Financial transfers Language: Generic © 2024 MEA All rights reserved. Nothing from this publication may be reproduced, stored in a computer database, or made public in any form or by any means, be it electronically, mechanically, through photocopies, recordings or otherwise, without the prior written consent of the publisher. "
SHARE/官方材料/codebook/SHARE wave 9/GS - Gripstrength_codebook.pdf,材料/SHARE/官方材料/codebook/SHARE wave 9/GS - Gripstrength_codebook.pdf,4de34d4a99e1ed904356ab5cfa66936083c5fdc9559407963db76dfd44038054,32776,False,PDF可打开；首页可提取文本,9,"SHARE > SHARE wave 9 Module GS Gripstrength Language: Generic © 2024 MEA All rights reserved. Nothing from this publication may be reproduced, stored in a computer database, or made public in any form or by any means, be it electronically, mechanically, through photocopies, recordings or otherwise, without the prior written consent of the publisher. "
SHARE/官方材料/codebook/SHARE wave 9/HC - Health care_codebook.pdf,材料/SHARE/官方材料/codebook/SHARE wave 9/HC - Health care_codebook.pdf,917560c2aa35b25cc27889c411cfb072c06709c6cae487d89f7f296cd8e90c7c,64382,False,PDF可打开；首页可提取文本,19,"SHARE > SHARE wave 9 Module HC Health care Language: Generic © 2024 MEA All rights reserved. Nothing from this publication may be reproduced, stored in a computer database, or made public in any form or by any means, be it electronically, mechanically, through photocopies, recordings or otherwise, without the prior written consent of the publisher. "
SHARE/官方材料/codebook/SHARE wave 9/HH - Household income_codebook.pdf,材料/SHARE/官方材料/codebook/SHARE wave 9/HH - Household income_codebook.pdf,fbe190d8a8dd78ed8298a875110a80ef870d83e6754b4c166a211b20ef356395,26232,False,PDF可打开；首页可提取文本,7,"SHARE > SHARE wave 9 Module HH Household income Language: Generic © 2024 MEA All rights reserved. Nothing from this publication may be reproduced, stored in a computer database, or made public in any form or by any means, be it electronically, mechanically, through photocopies, recordings or otherwise, without the prior written consent of the publisher. "
SHARE/官方材料/codebook/SHARE wave 9/HO - Housing_codebook.pdf,材料/SHARE/官方材料/codebook/SHARE wave 9/HO - Housing_codebook.pdf,222e509bbe00a8423ccddc1bb0541db63cde2a86d836733e86386caef43edcaa,95180,False,PDF可打开；首页可提取文本,32,"SHARE > SHARE wave 9 Module HO Housing Language: Generic © 2024 MEA All rights reserved. Nothing from this publication may be reproduced, stored in a computer database, or made public in any form or by any means, be it electronically, mechanically, through photocopies, recordings or otherwise, without the prior written consent of the publisher. "
SHARE/官方材料/codebook/SHARE wave 9/IT - Computer Use_codebook.pdf,材料/SHARE/官方材料/codebook/SHARE wave 9/IT - Computer Use_codebook.pdf,aef577d4a87e27c5d190210ebbd687a980ee4d9c5f21c2a25bf8fba9c40fbcef,22712,False,PDF可打开；首页可提取文本,6,"SHARE > SHARE wave 9 Module IT Computer Use Language: Generic © 2024 MEA All rights reserved. Nothing from this publication may be reproduced, stored in a computer database, or made public in any form or by any means, be it electronically, mechanically, through photocopies, recordings or otherwise, without the prior written consent of the publisher. "
SHARE/官方材料/codebook/SHARE wave 9/IV - Interviewer_codebook.pdf,材料/SHARE/官方材料/codebook/SHARE wave 9/IV - Interviewer_codebook.pdf,7495a387e2cf55fe018780b4753f9e784cdb483ce6111e21cb41852e08612188,36444,False,PDF可打开；首页可提取文本,10,"SHARE > SHARE wave 9 Module IV Interviewer Language: Generic © 2024 MEA All rights reserved. Nothing from this publication may be reproduced, stored in a computer database, or made public in any form or by any means, be it electronically, mechanically, through photocopies, recordings or otherwise, without the prior written consent of the publisher. "
SHARE/官方材料/codebook/SHARE wave 9/LI - Linking_codebook.pdf,材料/SHARE/官方材料/codebook/SHARE wave 9/LI - Linking_codebook.pdf,2f2ac0b89a6b6ced82f71eaa00f9b18aa0a1c548d7f9675c76ad072dca8e514e,22194,False,PDF可打开；首页可提取文本,5,"SHARE > SHARE wave 9 Module LI Linking Language: Generic © 2024 MEA All rights reserved. Nothing from this publication may be reproduced, stored in a computer database, or made public in any form or by any means, be it electronically, mechanically, through photocopies, recordings or otherwise, without the prior written consent of the publisher. "
SHARE/官方材料/codebook/SHARE wave 9/MH - Mental health_codebook.pdf,材料/SHARE/官方材料/codebook/SHARE wave 9/MH - Mental health_codebook.pdf,8959c3b702c79804f3e3867aa06a9154983fb89eafc9eed04f4625e8cdfe1ba3,39144,False,PDF可打开；首页可提取文本,11,"SHARE > SHARE wave 9 Module MH Mental health Language: Generic © 2024 MEA All rights reserved. Nothing from this publication may be reproduced, stored in a computer database, or made public in any form or by any means, be it electronically, mechanically, through photocopies, recordings or otherwise, without the prior written consent of the publisher. "
SHARE/官方材料/codebook/SHARE wave 9/PH - Physical health_codebook.pdf,材料/SHARE/官方材料/codebook/SHARE wave 9/PH - Physical health_codebook.pdf,ec8252dc9d5dee24eab47f1b4b73dea6e990a9fc2e726eb32f67ef592090b7b8,121141,False,PDF可打开；首页可提取文本,45,"SHARE > SHARE wave 9 Module PH Physical health Language: Generic © 2024 MEA All rights reserved. Nothing from this publication may be reproduced, stored in a computer database, or made public in any form or by any means, be it electronically, mechanically, through photocopies, recordings or otherwise, without the prior written consent of the publisher. "
SHARE/官方材料/codebook/SHARE wave 9/SN - Social Networks_codebook.pdf,材料/SHARE/官方材料/codebook/SHARE wave 9/SN - Social Networks_codebook.pdf,5e4ca7c6399b5aea9ff8ca17c6f886c1553b13fe3b33b896883259042ac9bd3f,84572,False,PDF可打开；首页可提取文本,29,"SHARE > SHARE wave 9 Module SN Social Networks Language: Generic © 2024 MEA All rights reserved. Nothing from this publication may be reproduced, stored in a computer database, or made public in any form or by any means, be it electronically, mechanically, through photocopies, recordings or otherwise, without the prior written consent of the publisher. "
SHARE/官方材料/codebook/SHARE wave 9/SP - Social support_codebook.pdf,材料/SHARE/官方材料/codebook/SHARE wave 9/SP - Social support_codebook.pdf,10eea6c954523313bf36870e89fd27e3778db3e7898678251b44f83f849a28a4,116312,False,PDF可打开；首页可提取文本,42,"SHARE > SHARE wave 9 Module SP Social support Language: Generic © 2024 MEA All rights reserved. Nothing from this publication may be reproduced, stored in a computer database, or made public in any form or by any means, be it electronically, mechanically, through photocopies, recordings or otherwise, without the prior written consent of the publisher. "
SHARE/官方材料/codebook/SHARE wave 9/TE - Time Expenditures_codebook.pdf,材料/SHARE/官方材料/codebook/SHARE wave 9/TE - Time Expenditures_codebook.pdf,b4e5479335edae8298b83ff0f5bbe541bf40de13aecbad2d05ed6248e70c471e,52863,False,PDF可打开；首页可提取文本,16,"SHARE > SHARE wave 9 Module TE Time Expenditures Language: Generic © 2024 MEA All rights reserved. Nothing from this publication may be reproduced, stored in a computer database, or made public in any form or by any means, be it electronically, mechanically, through photocopies, recordings or otherwise, without the prior written consent of the publisher. "
SHARE/官方材料/codebook/SHARE wave 9/XT - End of life interview_codebook.pdf,材料/SHARE/官方材料/codebook/SHARE wave 9/XT - End of life interview_codebook.pdf,6b05a2e865011fd5baa5174d44890da0e02db698b01498295b5c4ad8e3f316f2,156146,False,PDF可打开；首页可提取文本,54,"SHARE > SHARE wave 9 Module XT End of life interview Language: Generic © 2024 MEA All rights reserved. Nothing from this publication may be reproduced, stored in a computer database, or made public in any form or by any means, be it electronically, mechanically, through photocopies, recordings or otherwise, without the prior written consent of the publisher. "
SHARE/官方材料/documentation/2026-09-14/local_archive_guides/Disclaimer.pdf,材料/SHARE/官方材料/documentation/2026-09-14/local_archive_guides/Disclaimer.pdf,488897a5bece06d86e4bbf5c1ff32b2b85cf1a4de3b20a944f5b96f1ee8099aa,88902,False,PDF可打开；首页可提取文本,1,"Disclaimer: The ""Gateway Harmonized SHARE"" data sets are derivative products based on released SHARE data. They are produced and provided by the ""Gateway to Global Aging Data"". SHARE-ERIC does not produce or support Gateway Harmonized SHARE and SHARE-ERIC is not responsible for its content or use. However, whenever using Gateway Harmonized SHARE, the SHARE Conditions of Use apply in full, since these use the original SHARE data (https://share-eric.eu/data/data- access/conditions-of-use). For information and support please visit https://g2aging.org or contact help@g2aging.org. In addition to complying with SHARE’s notiﬁcation and citation duti"
SHARE/官方材料/documentation/2026-09-14/local_archive_guides/easySHARE_Release_9.0.0_ReleaseGuide.pdf,材料/SHARE/官方材料/documentation/2026-09-14/local_archive_guides/easySHARE_Release_9.0.0_ReleaseGuide.pdf,7f57dfbf7cf9157c26f63219ecc56be664f91a196eac77e6e8a2777399c728ae,769266,False,PDF可打开；首页可提取文本,45, Guide to easySHARE release 9.0.0 June 2024 Guide to easySHARE release 9.0.0 2 easySHARE release 9.0.0 is registered as doi: 10.6103/SHARE.easy.900 Content 1. Introduction ........................................................................................ 3 2. Access ................................................................................................ 3 3. Selection of variables ............................................................................ 4 4. Structure of the data ............................................................................ 5 5. Description of variables .........................................
SHARE/官方材料/documentation/2026-09-14/local_archive_guides/easySHARE_Teacher_Statement.pdf,材料/SHARE/官方材料/documentation/2026-09-14/local_archive_guides/easySHARE_Teacher_Statement.pdf,1961283ed800e351f8f7896e1af3ad23ef06f1c1c4ee65ad4c782e5fb83dd8df,641249,False,PDF可打开；首页可提取文本,3," Survey of Health, Ageing and Retirement in Europe SHARE coordination team. European Research Infrastructure Consortium www.share-project.org. Amalienstraße 33 • 80799 Munich • Germany info@share-project.org. INFORMATION AND INSTRUCTIONS What is the simplified easySHARE application procedure? This application procedure addresses SHARE users who want to use the easySHARE data for teaching purposes. It does not replace regular user registration but provides a convenient way of registering several course participants as regular SHARE users at the same time. Furthermore, it offers course instructors ('teachers') the opportunity to directly provid"
SHARE/官方材料/documentation/2026-09-14/local_archive_guides/Gateway Harmonized SHARE COVID G 2020-2021.pdf,材料/SHARE/官方材料/documentation/2026-09-14/local_archive_guides/Gateway Harmonized SHARE COVID G 2020-2021.pdf,64730bedbbfbfa95af2743fffc7987102ab53bd037117afb14442c2c933d4038,1618791,False,PDF可打开；首页可提取文本,289,"Gateway Harmonized SHARE COVID Documentation Version G (2020-2021; using release 9.0.0), October 2024 Aidan Cole, Codi Young, Hunter Green, Jenny Wilkens, & Jinkook Lee Please cite use of dataset or documentation as: Cole, Aidan, Codi Young, Hunter Green, Jenny Wilkens, & Jinkook Lee. Gateway Harmonized SHARE COVID, Version G (using release 9.0.0). Gateway to Global Aging Data, 2024. https://doi.org/10.25553/t6ne-7k29 We greatly appreciate support from the National Institute on Aging (R01 AG030153, RC2 AG036619, R03 AG043052) covid.g2aging.org Preface The Survey of Health, Ageing and Retirement in Europe (SHARE) is a longitudinal household su"
SHARE/官方材料/documentation/2026-09-14/local_archive_guides/Gateway Harmonized SHARE End of Life G 2006-2022.pdf,材料/SHARE/官方材料/documentation/2026-09-14/local_archive_guides/Gateway Harmonized SHARE End of Life G 2006-2022.pdf,7425783dc71f93ca2bd642ebcbd0354eab0fc42e7f670344440eb53a1b0ee451,827254,False,PDF可打开；首页可提取文本,215,"Gateway Harmonized SHARE End of Life Documentation Version G (2006-2022; using release 9.0.0), October 2024 Jenny Wilkens, Sarah Gao, Drystan Phillips, & Jinkook Lee Please cite use of dataset or documentation as: Wilkens, Jenny, Sarah Gao, Drystan Phillips & Jinkook Lee. Gateway Harmonized SHARE, Version G (using release 9.0.0). Gateway to Global Aging Data, 2024. https://doi.org/10.25553/epgq-vv71 We greatly appreciate support from the National Institute on Aging (R01 AG030153, RC2 AG036619, R03 AG043052) eol.g2aging.org Preface The Survey of Health, Ageing and Retirement in Europe (SHARE) is a longitudinal household survey for the study of"
SHARE/官方材料/documentation/2026-09-14/local_archive_guides/Gateway Harmonized SHARE G 2004-2022.pdf,材料/SHARE/官方材料/documentation/2026-09-14/local_archive_guides/Gateway Harmonized SHARE G 2004-2022.pdf,ca8f98dc76420f1086d962933e12de06109754ba78bffc24251ef5fba2c4c2e0,3326545,False,PDF可打开；首页可提取文本,1116,"Gateway Harmonized SHARE Documentation Version G (2004-2022; using release 9.0.0), October 2024 Jenny Wilkens, Michael Markot, Ziqi Zhou, Chrys Xie, Aidan Cole, Drystan Phillips, & Jinkook Lee Please cite use of dataset or documentation as: Wilkens, Jenny, Michael Markot, Ziqi Zhou, Chrys Xie, Aidan Cole, Drystan Phillips & Jinkook Lee. Gateway Harmonized SHARE, Version G (using release 9.0.0). Gateway to Global Aging Data, 2024. https://doi.org/10.25553/xxf8-j737 We greatly appreciate support from the National Institute on Aging (R01 AG030153, RC2 AG036619, R03 AG043052) g2aging.org Preface The Survey of Health, Ageing and Retirement in Euro"
SHARE/官方材料/documentation/2026-09-14/local_archive_guides/Gateway Harmonized SHARE Life History G.pdf,材料/SHARE/官方材料/documentation/2026-09-14/local_archive_guides/Gateway Harmonized SHARE Life History G.pdf,0556f9df27f1bbfdcfa6624f31a487fff89991143829374604dfaadf2a6f5f97,671597,False,PDF可打开；首页可提取文本,78,"Gateway Harmonized SHARE Life History Documentation Version G (using release 9.0.0), October 2024 Morten Wahrendorf, Christian Deindl, Sidney Beaumaster, Drystan Phillips, & Jinkook Lee Please cite use of dataset or documentation as: Wahrendorf, Morten, Christian Deindl, Sidney Beaumaster, Drystan Phillips, & Jinkook Lee. Gateway Harmonized SHARE Life History, Version G (using release 9.0.0). Gateway to Global Aging Data, 2024. https://doi.org/10.25553/jg5p-6704 We greatly appreciate support from the National Institute on Aging (R01 AG030153, RC2 AG036619, R03 AG043052) g2aging.org Preface The Survey of Health, Ageing and Retirement in Europe"
SHARE/官方材料/documentation/2026-09-14/local_archive_guides/SHARE DBS Release Documentation 1-1-0.pdf,材料/SHARE/官方材料/documentation/2026-09-14/local_archive_guides/SHARE DBS Release Documentation 1-1-0.pdf,245705ff480b3193dd5f3c0dbde3d9e4b4310a0e12ee2d6f1e49b18eb6ddab4a,3468083,False,PDF可打开；首页可提取文本,86,"1 Biomarkers in SHARE: Documentation of implementation, collection, and analysis of dried blood spot (DBS) samples 2015 – 2023 This version: 18 May 2024, accompanies DBS_DataRelease_1.0 Börsch-Supan, Martina*, Karen Andersen-Ranberg, Nis Borbye-Lorenzen, Jake Cofferen, Rebecca Groh, Hannah M. Horton, Elizabeth Kerschner, Thu Minh Kha, Alan J. Potter, Daniel Schmidutz, Kristin Skogstrand, Aijing Sun, Luzia Weiss, Mark H. Wener, Axel Börsch-Supan+ SHARE DBS Team, Munich, Germany: Martina Börsch-Supan, PhD, SHARE-ERIC-Biomarker Project, Munich Research Institute for the Economics of Aging and SHARE Analyses (MEA), 80804 Munich, Germany. +49-89- "
SHARE/官方材料/documentation/2026-09-14/local_archive_guides/SHARE HCAP Release Notes 1.0_03Feb2025_v2.pdf,材料/SHARE/官方材料/documentation/2026-09-14/local_archive_guides/SHARE HCAP Release Notes 1.0_03Feb2025_v2.pdf,fbb4ab85bef158f64fa2eb679873552f0c500c9a085b075c83ee00645c637431,968622,False,PDF可打开；首页可提取文本,21,"1 Release note 1.0 to SHARE-HCAP data Axel Börsch-Supan, Salima Douhou, Irene Fernández, Marcela C. Otero, Beatrice Baaba Tawiah This version: 03 Feb 2025. Numbers, tables and figures in this note refer to Release 0.9 and may slightly deviate from the final public release. Quote as: Börsch-Supan, A., S. Douhou et al. (2025): Release note 1.0 to SHARE-HCAP data. MEA Discussion Paper 02/2025. https://www.mea-share.eu/publications/mea- discussion-series/ 1. Introduction This note describes the first release of the raw data and the cognitive status of selected SHARE respondents in five European countries, together with robustness checks, caveats "
SHARE/官方材料/documentation/2026-09-14/local_archive_guides/SHARE wave 6 DBS Biomarker Cohort Profile Release Documentation 2-0-0.pdf,材料/SHARE/官方材料/documentation/2026-09-14/local_archive_guides/SHARE wave 6 DBS Biomarker Cohort Profile Release Documentation 2-0-0.pdf,d9e3bf8aaa5f9a6665ceecab9e3e254e620efcf0d7fcc92d4fba0701e8134277,906647,False,PDF可打开；首页可提取文本,34,"1 Cohort Profile Update: Survey of Health, Ageing and Retirement in Europe – Biomarker data for age-related health conditions Martina Börsch-Supan1*, Axel Börsch-Supan1,2,3, Karen Andersen-Ranberg4, Nis Borbye-Lorenzen5, Jake Cofferen6, Yacila I. Deza-Lougovski7, Rebecca Groh8, Solveig Holmgaard5, Hannah M. Horton1,8, Elizabeth Kerschner6, Thu Minh Kha6, Alan J. Potter6, Anna Rieckmann7, Daniel Schmidutz9, Kristin Skogstrand5,10, Aijing Sun1,8, Luzia M. Weiss2, Mark H. Wener6 1 Munich Research Institute for the Economics of Aging and SHARE Analyses (MEA), SHARE-ERIC-Biomarker Project, Munich, Germany 2 Max Planck Institute for Social Law and "
SHARE/官方材料/documentation/2026-09-14/local_archive_guides/SHARE_calibrated_weights_user_guide.pdf,材料/SHARE/官方材料/documentation/2026-09-14/local_archive_guides/SHARE_calibrated_weights_user_guide.pdf,e379eff132321b52be6f738958df786ef4e0de2cf6bfd527795fde20c13207da,649155,False,PDF可打开；首页可提取文本,50,"1 March 29, 2018 Stata program to compute calibrated weights from scientiﬁc useﬁle and additional database Giuseppe De Luca University of Palermo, Italy Claudio Rossetti University of Naples Federico II, Italy Abstract This report provide a description of the Stata programs available to create calibrated weights from scientiﬁc useﬁle and additional database. After reviewing the key features of the calibration approach of Deville and S¨arndal (1992), we show how to compute calibrated cross-sectional weights in the ﬁrst wave of the SHARE panel and calibrated longitudinal weights between the ﬁrst two waves. Both types of weights are computed at "
SHARE/官方材料/documentation/2026-09-14/local_archive_guides/SHARE_Corona_Survey_Release_Guide_9-0-0.pdf,材料/SHARE/官方材料/documentation/2026-09-14/local_archive_guides/SHARE_Corona_Survey_Release_Guide_9-0-0.pdf,afc134de93f6769bcec47a06fae9a4caffdd8fd398e9e0b708cfa7229461b191,455504,False,PDF可打开；首页可提取文本,14," SHARE Corona Survey Release 9.0.0 March 28, 2024 2 Table of Contents 1 About this release.................................................................................................................... 3 2 New in this Release ................................................................................................................ 3 3 About SHARE: General Overview ............................................................................................ 3 4 The SHARE Corona Survey ....................................................................................................... 4 4.1 Switch to telephone interviewing during t"
SHARE/官方材料/documentation/2026-09-14/local_archive_guides/SHARE_release_guide_9-0-0.pdf,材料/SHARE/官方材料/documentation/2026-09-14/local_archive_guides/SHARE_release_guide_9-0-0.pdf,021702367329b5309abd57865247a13df99ea941440be1cd026d48eecc59fce7,1975407,False,PDF可打开；首页可提取文本,106,"1 Release Guide 9.0.0 March 28, 2024 2 Table of Contents 1 Sources of Information ............................................................................................................ 5 2 SHARE Data Releases ............................................................................................................... 6 3 New in Release 9.0.0 ............................................................................................................... 6 4 Additional Files ........................................................................................................................ 6 4.1 SHARE Corona Survey .................."
SHARE/官方材料/documentation/2026-09-14/SHARE Corona Survey 1/CAPI Corona questionnaire - English Generic__979.pdf,材料/SHARE/官方材料/documentation/2026-09-14/SHARE Corona Survey 1/CAPI Corona questionnaire - English Generic__979.pdf,893d1648d659ff29e7125a017bebfc5342b3bf97381dcd4dbedd35d9ff3f294d,200710,False,PDF可打开；首页可提取文本,21,"1 COVID-19 questionnaire for telephone interviews Latest update: June 2nd, 2020 A – Intro and basic demographics CAA001_ Some time ago, we sent you an invitation letter, which also included a data protection statement. Have you received the statement? 1. Yes 5. No IF CAA001_ = 5 CAA002_ In this case, I will then summarise the most important points of the statement for you. Furthermore, I will be pleased to answer any question regarding the protection of your data that you may have now. The [FILL in name of CTL institution] in cooperation with SHARE-ERIC are responsible for the implementation of the survey. We, [FILL in name of Survey Agency],"
SHARE/官方材料/documentation/2026-09-14/SHARE Corona Survey 1/SHARE_Corona_Survey_Release_Guide_8-0-0__1205.pdf,材料/SHARE/官方材料/documentation/2026-09-14/SHARE Corona Survey 1/SHARE_Corona_Survey_Release_Guide_8-0-0__1205.pdf,fc397e667754b6cd7e45ec43c44309f3a159ecfdf45fd072fb000aaf7fbd096a,369271,False,PDF可打开；首页可提取文本,12," SHARE Corona Survey Release 8.0.0 February 10, 2022 2 Table of Contents 1 About this release.................................................................................................................... 3 2 New in this Release ................................................................................................................ 3 3 About SHARE: General Overview ............................................................................................ 3 4 The SHARE Corona Survey ....................................................................................................... 4 4.1 Switch to telephone interviewing durin"
SHARE/官方材料/documentation/2026-09-14/SHARE Corona Survey 1/source_page.html,材料/SHARE/官方材料/documentation/2026-09-14/SHARE Corona Survey 1/source_page.html,7a065b91d6c545750a2bae49cc60dfa4da624241f5df67020559379c95453271,11285,False,文本已抽取；编码需按原文核对,," Data Archive | StudyUnits Data &amp; Documentation Tool Home Studies SHARE Corona Survey SHARE Corona Survey 1 SHARE Corona Survey 1 Single Wave Study General Information Title SHARE Corona Survey 1 Longitudinal Type Single Wave Study Publisher SBI Copyright &copy; 2025 SHARE-ERIC Funding Organizations See link Questions CATI - CATI Variables &amp; Datasets To download datafiles, click here for more information. To view the variables, click on the name of the dataset. Name Note Version sharew8ca_rel8-0-0_ca 8.0.0 sharew8ca_rel8-0-0_ca_at 8.0.0 sharew8ca_rel8-0-0_cv_r 8.0.0 sharew8ca_rel8-0-0_xc 8.0.0 sharew8ca_rel8-0-0_xt 8.0.0 Documentation"
SHARE/官方材料/documentation/2026-09-14/SHARE Corona Survey 2/SHARE_Corona_Survey_Release_Guide_8-0-0__1206.pdf,材料/SHARE/官方材料/documentation/2026-09-14/SHARE Corona Survey 1/SHARE_Corona_Survey_Release_Guide_8-0-0__1205.pdf,fc397e667754b6cd7e45ec43c44309f3a159ecfdf45fd072fb000aaf7fbd096a,369271,True,PDF可打开；首页可提取文本,12," SHARE Corona Survey Release 8.0.0 February 10, 2022 2 Table of Contents 1 About this release.................................................................................................................... 3 2 New in this Release ................................................................................................................ 3 3 About SHARE: General Overview ............................................................................................ 3 4 The SHARE Corona Survey ....................................................................................................... 4 4.1 Switch to telephone interviewing durin"
SHARE/官方材料/documentation/2026-09-14/SHARE Corona Survey 2/source_page.html,材料/SHARE/官方材料/documentation/2026-09-14/SHARE Corona Survey 2/source_page.html,9fffb6a00b8a5ce01e164e106c3ae6330dc7228c8eb752f976041db2a7a132bc,10670,False,文本已抽取；编码需按原文核对,," Data Archive | StudyUnits Data &amp; Documentation Tool Home Studies SHARE Corona Survey SHARE Corona Survey 2 SHARE Corona Survey 2 Single Wave Study General Information Title SHARE Corona Survey 2 Longitudinal Type Single Wave Study Publisher SBI Copyright &copy; 2025 SHARE-ERIC Funding Organizations See link Questions CATI - CATI Variables &amp; Datasets To download datafiles, click here for more information. To view the variables, click on the name of the dataset. Name Note Version sharew9ca_rel8-0-0_ca 8.0.0 sharew9ca_rel8-0-0_cv_r 8.0.0 sharew9ca_rel8-0-0_dropoff.sav 8.0.0 sharew9ca_rel8-0-0_xt 8.0.0 Documentation Documentation Corona "
SHARE/官方材料/documentation/2026-09-14/SHARE wave 1/Cross Wave Comparison__479.zip [实际为XLSX],材料/SHARE/官方材料/documentation/2026-09-14/SHARE wave 1/Cross Wave Comparison__479.xlsx,d77ff12e0e565ac9df76078af6639ea1d205dd503be02728adc2c57858d2b75c,241923,False,XLSX工作簿结构可读,," 
             'crosswave comparision'!$A$1:$U$985  notes!$F$2:$M$2    "
SHARE/官方材料/documentation/2026-09-14/SHARE wave 1/Generic - CAPI Coverscreen__106.pdf,材料/SHARE/官方材料/documentation/2026-09-14/SHARE wave 1/Generic - CAPI Coverscreen__106.pdf,adbab05a40d8879760a352cdfc6536a977b7d32d451bb97f19f72104e751763d,26919,False,PDF可打开；首页可提取文本,10," 1 SHARE 2004 Coverscreen version 10 (manually edited April 2005) Preface This generic paper version of the SHARE-questionnaire is edited manually. Therefore it is more ‘user-friendly’ than the automatically generated paper versions for each of the participating countries. At the beginning of the interview, one respondent per household is asked to answer the Coverscreen module (cv), which contains basic questions referring to the household level. The subsequent modules of the questionnaire refer to the individual (i.e. respondent) level; they form the main SHARE 2004 Questionnaire version 10. All variable names in this paper version are highl"
SHARE/官方材料/documentation/2026-09-14/SHARE wave 1/Generic - CAPI Main Questionnaire__108.pdf,材料/SHARE/官方材料/documentation/2026-09-14/SHARE wave 1/Generic - CAPI Main Questionnaire__108.pdf,b9d4896a31079db468a4a210db41c32a92cc47d2529f3f77b92f4a77c9ce2f77,284649,False,PDF可打开；首页可提取文本,132," 1 Share 2004 Questionnaire version 10 (manually edited April 2005) Preface This generic paper version of the SHARE-questionnaire is edited manually. Therefore it is more ‘user-friendly’ than the automatically generated paper versions for each of the participating countries. This main part of the SHARE 2004 questionnaire is asked to all eligible individuals in a household, who have been identified in the introductory Coverscreen Module (cv; see SHARE 2004 Coverscreen version 10). However, some modules concerning the household rather than the individual are only answered by the designated financial, family, or housing respondent. All variable "
SHARE/官方材料/documentation/2026-09-14/SHARE wave 1/Generic - Drop-off Questionnaire__513.pdf,材料/SHARE/官方材料/documentation/2026-09-14/SHARE wave 1/Generic - Drop-off Questionnaire__513.pdf,cdc20cac2537f66cb88d5771fe9a7c00f1e00ebcf3817d5042e8258af292ed09,382900,False,PDF可打开；首页可提取文本,15,"1 Household-ID Person-ID 1 2 0 4 2 0 0 Interview Date: Interviewer ID: _________________ Respondent's Initials: ____________ ""50+ in Europe"" The Survey of Health, Ageing and Retirement in Europe Self-Administered Questionnaire Agency Logo 2 How to FILL IN this questionnaire Most of the questions on the following pages can be answered by simply checking the box below or alongside the answer that applies to you. Please check ONE (1) box: Correct or Incorrect Please proceed question by question. Skip questions only if there is an explicit instruction to do so. Example: Do you have children? 1 Yes 5 No  Go to question ... 1 How to RETURN this"
SHARE/官方材料/documentation/2026-09-14/SHARE wave 1/Generic - Showcards__497.pdf,材料/SHARE/官方材料/documentation/2026-09-14/SHARE wave 1/Generic - Showcards__497.pdf,6faf9365d116b4ea23874236cd03f1f243e31a6280cbf4a5b948ec64bbb6a7b5,84326,False,PDF可打开；首页可提取文本,39,CARD 1 1. Spouse 2. Partner 3. Child 4. Child-in-law 5. Parent 6. Parent-in-law 7. Sibling 8. Grand-child 9. Other relative (specify) 10. Other non-relative (specify) CARD 2 1. Comprehensive school 2. Grammar school (not fee-paying) 3. Fee-paying grammar school 4. Sixth form College/Tertiary College 5. Public or other private school 6. Elementary school 7. Secondary modern/secondary school 8. Technical school (not college) 95. No degree yet/still in school 96. None 97. Other type (also abroad) 
SHARE/官方材料/documentation/2026-09-14/SHARE wave 1/Generic - Vignettes type A__104.pdf,材料/SHARE/官方材料/documentation/2026-09-14/SHARE wave 1/Generic - Vignettes type A__104.pdf,69ee44679086dd7b45955a559b3d68e3a14194fbb08307a454bc0dd679beef29,46309,False,PDF可打开；首页可提取文本,14," Household-ID Person-ID 1 2 0 4 2 0 0 Interview Date: Interviewer ID: _________________ Respondent's Initials: ____________ ""50+ in Europe"" The Survey of Health, Ageing and Retirement in Europe Self-Administered Questionnaire A Agency Logo 2 How to FILL IN this questionnaire Most of the questions on the following pages can be answered by simply checking the box below or alongside the answer that applies to you. Please check ONE (1) box: Correct or Incorrect Please proceed question by question. How to RETURN this Questionnaire If the interviewer is still in your home when you have completed the questionnaire, please hand it back to him or her."
SHARE/官方材料/documentation/2026-09-14/SHARE wave 1/Generic - Vignettes type B__105.pdf,材料/SHARE/官方材料/documentation/2026-09-14/SHARE wave 1/Generic - Vignettes type B__105.pdf,fe541a9169a5ba7f87b9538e63a3792a637b683270c71c1b2e051d0ecf77bba9,46337,False,PDF可打开；首页可提取文本,14," Household-ID Person-ID 1 2 0 4 2 0 0 Interview Date: Interviewer ID: _________________ Respondent's Initials: ____________ ""50+ in Europe"" The Survey of Health, Ageing and Retirement in Europe Self-Administered Questionnaire B Agency Logo 2 How to FILL IN this questionnaire Most of the questions on the following pages can be answered by simply checking the box below or alongside the answer that applies to you. Please check ONE (1) box: Correct or Incorrect Please proceed question by question. How to RETURN this Questionnaire If the interviewer is still in your home when you have completed the questionnaire, please hand it back to him or her."
SHARE/官方材料/documentation/2026-09-14/SHARE wave 1/Scales Manual__881.pdf,材料/SHARE/官方材料/documentation/2026-09-14/SHARE wave 1/Scales Manual__881.pdf,b3e842e12a14fb760fa938891a1d6273f1d87be75f36061483c218a2d39eeed4,584497,False,PDF可打开；首页可提取文本,38," Scales and Multi-Item Indicators Tabea Mehrbrodt Stefan Gruber Melanie Wagner April 1st, 2019 2 Table of Contents I. Mental health measures ...................................................................................................... 3 1. EURO-D .......................................................................................................................... 3 2. CASP-12 .......................................................................................................................... 5 3. Three-Item Loneliness Scale ........................................................................................... 7 4. Multi"
SHARE/官方材料/documentation/2026-09-14/SHARE wave 1/SHARE_release_guide_7-0-0__875.pdf,材料/SHARE/官方材料/documentation/2026-09-14/SHARE wave 1/SHARE_release_guide_7-0-0__875.pdf,89e4361f5e0d0a9ef872de3b5cd23ea89c52207d3ea40c4483697ce4ee36ecd7,1145256,False,PDF可打开；首页可提取文本,91,"1 Release Guide 7.0.0 April 3rd , 2019 2 Table of Contents 1 Sources of Information ............................................................................................................ 5 2 SHARE Data Releases ............................................................................................................... 6 3 New in SHARE Wave 7 ............................................................................................................. 6 4 Additional Files ........................................................................................................................ 7 4.1 easySHARE ............................."
SHARE/官方材料/documentation/2026-09-14/SHARE wave 1/source_page.html,材料/SHARE/官方材料/documentation/2026-09-14/SHARE wave 1/source_page.html,d9888d9b87694ac61cc14c64e02b220eb8fa2c614b3cdf4d62fc064e31cc1874,22370,False,文本已抽取；编码需按原文核对,," Data Archive | StudyUnits Data &amp; Documentation Tool Home Studies SHARE SHARE wave 1 SHARE > SHARE wave 1 Longitudinal Wave General Information Title SHARE wave 1 Abstract Austria, Germany, Sweden, Netherlands, Spain, Italy, France, Denmark, Greece, Switzerland, Belgium, Israel Longitudinal Type Longitudinal Wave Note 2004/2005 (Israel 2005/2006) Publisher SBI Copyright &copy; 2025 SHARE-ERIC Funding Organizations See link Questions AC - Activities AS - Assets BR - Behavioral risk CF - Cognitive function CH - Children CO - Consumption DN - Demographics and networks EP - Employment and pensions EX - Expectations FT - Financial transfers GS"
"SHARE/官方材料/documentation/2026-09-14/SHARE wave 1/The Survey of Health, Ageing and Retirement in Europe Methodology__388.pdf","材料/SHARE/官方材料/documentation/2026-09-14/SHARE wave 1/The Survey of Health, Ageing and Retirement in Europe Methodology__388.pdf",fe0956d33baf9e03e0c924177292b308cd7a62709a28f9d5491dae23ddfd2211,4585736,False,PDF可打开；首页可提取文本,355," 1 The Survey of Health, Aging, and Retirement in Europe – Methodology September 2005 Edited by: Axel Börsch-Supan (Coordinator) Hendrik Jürges Authors: Kirsten H. Alcser Grant Benson Axel Börsch-Supan Agar Brugiavini Dimitrios Christelis Enrica Croda Marcel Das Guiseppe de Luca Janet Harkness Patrik Hesselius Tullio Jappelli Hendrik Jürges Adriaan Kalwij Marie-Louise Kemperman Anders Klevmarken Oliver Lipps Omar Paccagnella Mario Padula Franco Perrachi Roberta Rainato Arthur van Soest Bengt Swensson Corrie Vis Guglielmo Weber Bas Weerman 2 Mannheim Research Institute for the Economics of Aging (MEA) L13, 17 68131 Mannheim Published by: Mannh"
SHARE/官方材料/documentation/2026-09-14/SHARE wave 2/Cross Wave Comparison__478.zip [实际为XLSX],材料/SHARE/官方材料/documentation/2026-09-14/SHARE wave 1/Cross Wave Comparison__479.xlsx,d77ff12e0e565ac9df76078af6639ea1d205dd503be02728adc2c57858d2b75c,241923,True,XLSX工作簿结构可读,," 
             'crosswave comparision'!$A$1:$U$985  notes!$F$2:$M$2    "
SHARE/官方材料/documentation/2026-09-14/SHARE wave 2/Generic - CAPI Coverscreen__246.pdf,材料/SHARE/官方材料/documentation/2026-09-14/SHARE wave 2/Generic - CAPI Coverscreen__246.pdf,eecc41e9c0bc04a76d083a37f958f2725b1f57cfcdfd05e2bc188b6a9479908a,52190,False,PDF可打开；首页可提取文本,22,"SHARE w2 Coverscreen version 2.7 2006-09-21 CV178_ INTERVIEW IN NURSING HOME IWER:IS THIS INTERVIEW HELD IN A PRIVATE HOUSEHOLD OR IN A NURSING HOME?A NURSING HOME PROVIDES ALL OF THE FOLLOWING SERVICES FOR ITS RESIDENTS: DISPENSING OF MEDICATION, AVAILABLE 24-HOUR PERSONAL ASSISTANCE AND SUPERVISION (NOT NECESSARILY A NURSE), AND ROOM & MEALS. 1. Private household 2. Nursing home IF MN101_ (MN101_Longitudinal) = 1 | | CV101_ INTRODUCTION QUESTION 1 | In [{month and year previous interview}], your household has participated in a study called SHARE. As you know, this study is interested in learning | about important aspects of people's lives s"
SHARE/官方材料/documentation/2026-09-14/SHARE wave 2/Generic - CAPI Main Questionnaire__248.pdf,材料/SHARE/官方材料/documentation/2026-09-14/SHARE wave 2/Generic - CAPI Main Questionnaire__248.pdf,971e305b964eb7d7ff83736cef3e73fe663cd920bb32392081e60647517a5006,379453,False,PDF可打开；首页可提取文本,160,"Share w2 Questionnaire version 2.7 2006-09-21 IF INTERVIEW MODE = 1. Individual. Single | ELSE | | IF INTERVIEW MODE = 2. Individual. Couple, first respondent | | | | CM003_ CHOICE RESPONDENT FINANCE | | Later in this interview, we will be asking questions about household and family finances, for example about your savings for old-age and financial | | support to children and other relatives. We only need to ask these questions of one of you. Which of you would be the most able one to answer | | questions about your finances? | | IWER:CODE ONE ONLY FINANCIAL RESPONDENT | | 1. Name of person 1 | | 2. Name of person 2 | | | ELSE | | | | | ENDIF"
SHARE/官方材料/documentation/2026-09-14/SHARE wave 2/Generic - Drop-off Questionnaire__245.pdf,材料/SHARE/官方材料/documentation/2026-09-14/SHARE wave 2/Generic - Drop-off Questionnaire__245.pdf,796676d8da8e5d28417daee8ac8cdb7346204e784595a894cbcfafdcb356983f,136342,False,PDF可打开；首页可提取文本,8,"Agency Logo Household-ID Person-ID 1 2 0 0 Interview Date: Interviewer ID: _________________ Respondent's First Name: ____________ ""50+ in Europe"" The Survey of Health, Ageing and Retirement in Europe 2006 Self-Administered Questionnaire A 1 How to FILL IN this questionnaire Most of the questions on the following pages can be answered by simply checking the box below or alongside the answer that applies to you. Please check ONE (1) box: Correct or Incorrect Please proceed question by question. Skip questions only if there is an explicit instruction to do so. Example: Do you have children? 1 Yes 5 No Î Go to question ... Ð1 How to RETURN thi"
SHARE/官方材料/documentation/2026-09-14/SHARE wave 2/Generic - End of life questionnaire__247.pdf,材料/SHARE/官方材料/documentation/2026-09-14/SHARE wave 2/Generic - End of life questionnaire__247.pdf,65edb80e9fb70445ad2df5e656b950bb7f08bc84873e453e2cd6b2d45019af3b,27717,False,PDF可打开；首页可提取文本,10,"Share w2 Exit Questionnaire version 2.7 2006-09-21 XT001_ INTRODUCTION TO EXIT INTERVIEW [{Name of deceased} ] has participated in the SHARE study before [his/her] death. [His/Her] contribution was very valuable. We would find it extremely helpful to have some information about the final year of [{Name of deceased} ]'s life. All the information collected is strictly confidential, and will be held anonymously. 1. Continue XT006_ PROXY RESPONDENT'S SEX IWER:CODE PROXY RESPONDENT'S SEX 1. Male 2. Female XT002_ RELATIONSHIP TO THE DECEASED Before we start asking questions about the last year of life of [{Name of deceased}], would you please tell "
SHARE/官方材料/documentation/2026-09-14/SHARE wave 2/Generic - Showcards__251.pdf,材料/SHARE/官方材料/documentation/2026-09-14/SHARE wave 2/Generic - Showcards__251.pdf,ea29237406ef7bffa06fd8ff6ad28f52a5279e7624cfd4cba21c028eeea85a03,114014,False,PDF可打开；首页可提取文本,50,CARD 1 1. Spouse 2. Partner 3. Child 4. Child-in-law 5. Parent 6. Parent-in-law 7. Sibling 8. Grand-child 9. Other relative (specify) 10. Other non-relative (specify) 11. Ex-spouse/Ex-partner CARD 2 1. Comprehensive school 2. Grammar school (not fee-paying) 3. Fee-paying grammar school 4. Sixth form College/Tertiary College 5. Public or other private school 6. Elementary school 7. Secondary modern/secondary school 8. Technical school (not college) 95. No degree yet/still in school 96. None 97. Other type (also abroad) 
SHARE/官方材料/documentation/2026-09-14/SHARE wave 2/Generic - Vignettes type B__249.pdf,材料/SHARE/官方材料/documentation/2026-09-14/SHARE wave 2/Generic - Vignettes type B__249.pdf,cd6db0d95029c64c5d82ded1a641d15e250a8bc5bb4fd9585f1bee0b11b6f9ff,66857,False,PDF可打开；首页可提取文本,15,"Agency Logo Household-ID Person-ID 1 2 0 4 2 0 0 Interview Date: Interviewer ID: _________________ Respondent's First Name: ____________ ""50+ in Europe"" The Survey of Health, Ageing and Retirement in Europe Self-Administered Questionnaire for Respondents Younger than 65 B How to FILL IN this questionnaire Most of the questions on the following pages can be answered by simply checking the box below or alongside the answer that applies to you. Please check ONE (1) box: Correct or Incorrect Please proceed question by question. How to RETURN this Questionnaire If the interviewer is still in your home when you have completed the questionnaire, ple"
SHARE/官方材料/documentation/2026-09-14/SHARE wave 2/Generic - Vignettes type C__250.pdf,材料/SHARE/官方材料/documentation/2026-09-14/SHARE wave 2/Generic - Vignettes type C__250.pdf,be539cf17091602327ff6af4b41cd3bae77010aad2c54da569dd247ccb95210a,65342,False,PDF可打开；首页可提取文本,14,"Agency Logo Household-ID Person-ID 1 2 0 4 2 0 0 Interview Date: Interviewer ID: _________________ Respondent's First Name: ____________ ""50+ in Europe"" The Survey of Health, Ageing and Retirement in Europe Self-Administered Questionnaire for Respondents 65 years and older C How to FILL IN this questionnaire Most of the questions on the following pages can be answered by simply checking the box below or alongside the answer that applies to you. Please check ONE (1) box: Correct or Incorrect Please proceed question by question. How to RETURN this Questionnaire If the interviewer is still in your home when you have completed the questionnaire, "
SHARE/官方材料/documentation/2026-09-14/SHARE wave 2/Scales Manual__879.pdf,材料/SHARE/官方材料/documentation/2026-09-14/SHARE wave 1/Scales Manual__881.pdf,b3e842e12a14fb760fa938891a1d6273f1d87be75f36061483c218a2d39eeed4,584497,True,PDF可打开；首页可提取文本,38," Scales and Multi-Item Indicators Tabea Mehrbrodt Stefan Gruber Melanie Wagner April 1st, 2019 2 Table of Contents I. Mental health measures ...................................................................................................... 3 1. EURO-D .......................................................................................................................... 3 2. CASP-12 .......................................................................................................................... 5 3. Three-Item Loneliness Scale ........................................................................................... 7 4. Multi"
SHARE/官方材料/documentation/2026-09-14/SHARE wave 2/SHARE_release_guide_7-0-0__877.pdf,材料/SHARE/官方材料/documentation/2026-09-14/SHARE wave 1/SHARE_release_guide_7-0-0__875.pdf,89e4361f5e0d0a9ef872de3b5cd23ea89c52207d3ea40c4483697ce4ee36ecd7,1145256,True,PDF可打开；首页可提取文本,91,"1 Release Guide 7.0.0 April 3rd , 2019 2 Table of Contents 1 Sources of Information ............................................................................................................ 5 2 SHARE Data Releases ............................................................................................................... 6 3 New in SHARE Wave 7 ............................................................................................................. 6 4 Additional Files ........................................................................................................................ 7 4.1 easySHARE ............................."
SHARE/官方材料/documentation/2026-09-14/SHARE wave 2/source_page.html,材料/SHARE/官方材料/documentation/2026-09-14/SHARE wave 2/source_page.html,11cc42f0cbe69cb97e2816842c5402401893592bb8918df693c3df81acc8f786,24504,False,文本已抽取；编码需按原文核对,," Data Archive | StudyUnits Data &amp; Documentation Tool Home Studies SHARE SHARE wave 2 SHARE > SHARE wave 2 Longitudinal Wave General Information Title SHARE wave 2 Abstract Austria, Germany, Sweden, Netherlands, Spain, Italy, France, Denmark, Greece, Switzerland, Belgium, CzechRepublic, Poland, Ireland, Israel Longitudinal Type Longitudinal Wave Note 2006/2007 (Israel 2009/2010) Publisher SBI Copyright &copy; 2025 SHARE-ERIC Funding Organizations See link Questions AC - Activities AS - Assets BR - Behavioral risk CF - Cognitive function CH - Children CO - Consumption CS - Chair Stand DN - Demographics and networks EP - Employment and pensi"
"SHARE/官方材料/documentation/2026-09-14/SHARE wave 2/The Survey of Health, Ageing and Retirement in Europe Methodology__390.pdf","材料/SHARE/官方材料/documentation/2026-09-14/SHARE wave 1/The Survey of Health, Ageing and Retirement in Europe Methodology__388.pdf",fe0956d33baf9e03e0c924177292b308cd7a62709a28f9d5491dae23ddfd2211,4585736,True,PDF可打开；首页可提取文本,355," 1 The Survey of Health, Aging, and Retirement in Europe – Methodology September 2005 Edited by: Axel Börsch-Supan (Coordinator) Hendrik Jürges Authors: Kirsten H. Alcser Grant Benson Axel Börsch-Supan Agar Brugiavini Dimitrios Christelis Enrica Croda Marcel Das Guiseppe de Luca Janet Harkness Patrik Hesselius Tullio Jappelli Hendrik Jürges Adriaan Kalwij Marie-Louise Kemperman Anders Klevmarken Oliver Lipps Omar Paccagnella Mario Padula Franco Perrachi Roberta Rainato Arthur van Soest Bengt Swensson Corrie Vis Guglielmo Weber Bas Weerman 2 Mannheim Research Institute for the Economics of Aging (MEA) L13, 17 68131 Mannheim Published by: Mannh"
SHARE/官方材料/documentation/2026-09-14/SHARE wave 3/Generic - CAPI Main Questionnaire__302.pdf,材料/SHARE/官方材料/documentation/2026-09-14/SHARE wave 3/Generic - CAPI Main Questionnaire__302.pdf,e07fcffceefcc02104abbf671ee4e8d7d60f54337bd07f5b241ac0ec243aea94,487407,False,PDF可打开；首页可提取文本,134," 1 Sharelife: 50+ in Europe - Questionnaire version 3.9.4 ST001a CHECK IF PROXY IWER:Please check. Who answers the questionnaire? 1. Respondent only 2. Respondent and proxy 3. Proxy only IF ST001a (CHECK IF PROXY) = 3. Proxy only | | ST001b VALIDATE PROXY | | IWER:Are you sure that the respondent is not capable of answering the questionnaire? | 1. Yes | 5. No | ENDIF ST002 START OF INTERVIEW Welcome to the life history interview. I am going to ask you some questions about things that have happened during your life.Before we start, I'd like to check a few details you gave us last time we interviewed you. IWER:Press 1 and <ENTER> to continue. 1"
SHARE/官方材料/documentation/2026-09-14/SHARE wave 3/Generic - End of life questionnaire__311.pdf,材料/SHARE/官方材料/documentation/2026-09-14/SHARE wave 3/Generic - End of life questionnaire__311.pdf,8e2c081370232d3dcd5a4cba58db350e24c5e75076bb2489f20b78727888752a,37601,False,PDF可打开；首页可提取文本,15,"Sharelife: 50+ in Europe - Exit Questionnaire version 3.9.4 XT104_ SEX OF DECENDENT IWER:note sex of decedent (ask if unsure) 1. Male 2. Female XT001_ INTRODUCTION TO EXIT INTERVIEW [{Name of deceased} ] has participated in the [m]50+ in Europe[/m] study before [his/her] death. [His/Her] contribution was very valuable. We would find it extremely helpful to have some information about the final year of [{Name of deceased} ]'s life. All the information collected is strictly confidential, and will be held anonymously. 1. Continue XT006_ PROXY RESPONDENT'S SEX IWER:Code proxy respondent's sex. 1. Male 2. Female XT002_ RELATIONSHIP TO THE DECEASED"
SHARE/官方材料/documentation/2026-09-14/SHARE wave 3/Generic - Showcards__312.pdf,材料/SHARE/官方材料/documentation/2026-09-14/SHARE wave 3/Generic - Showcards__312.pdf,f0be5abca9a6fc8cc2398c40cd968fc3d5ff7fb39356b8a5532a73d267202c50,153750,False,PDF可打开；首页可提取文本,33,"CARD 1 1. Spouse 2. Partner 3. Child 4. Child-in-law 5. Parent 6. Parent-in-law 7. Sibling 8. Grand-child 9. Other relative (specify) 10. Other non-relative (specify) 11. Ex-Spouse/Ex-Partner CARD 2 1. Income from employment (including self-employment) 2. Financial support from Spouse or Partner 3. Maternity benefits from state, employer or other institutions 4. Child benefits from state or other institutions 5. Financial support from Family (not Spouse/Partner) and friends 6. Running down financial assets or bank accounts 97. Other "
"SHARE/官方材料/documentation/2026-09-14/SHARE wave 3/Retrospective Data Collection in the Survey of Health, Ageing and Retirement in Europe. SHARELIFE Methodology__392.pdf","材料/长路径附件/dba910ada8e2_Retrospective Data Collection in the Survey of Health, Ageing and.pdf",dba910ada8e2ba22b265c9acf05e11023ee02858f6217d02475f8f09ff611e5a,1372835,False,PDF可打开；首页可提取文本,232," 1 Retrospective Data Collection in the Survey of Health, Ageing and Retirement in Europe SHARELIFE Methodology Edited by: Mathis Schröder Authors: Kirsten Alcer Grant Benson Annelies G. Blom Axel Börsch-Supan Marcel Das Christelle Garrouste Heidi Guyer Christian Hunkler Thorsten Kneip Julie Korbmacher Maurice Martens Omar Paccagnella Barbara Schaan Mathis Schröder Stephanie Stuck Arnaud Wijnant Sabrina Zuber February 2011 "
SHARE/官方材料/documentation/2026-09-14/SHARE wave 3/SHARE_release_guide_7-0-0__883.pdf,材料/SHARE/官方材料/documentation/2026-09-14/SHARE wave 1/SHARE_release_guide_7-0-0__875.pdf,89e4361f5e0d0a9ef872de3b5cd23ea89c52207d3ea40c4483697ce4ee36ecd7,1145256,True,PDF可打开；首页可提取文本,91,"1 Release Guide 7.0.0 April 3rd , 2019 2 Table of Contents 1 Sources of Information ............................................................................................................ 5 2 SHARE Data Releases ............................................................................................................... 6 3 New in SHARE Wave 7 ............................................................................................................. 6 4 Additional Files ........................................................................................................................ 7 4.1 easySHARE ............................."
SHARE/官方材料/documentation/2026-09-14/SHARE wave 3/source_page.html,材料/SHARE/官方材料/documentation/2026-09-14/SHARE wave 3/source_page.html,17eeb7f3b4be38b9467ff17faa37a6e50d192048599045267d9e4ed665db998c,14772,False,文本已抽取；编码需按原文核对,," Data Archive | StudyUnits Data &amp; Documentation Tool Home Studies SHARE SHARE wave 3 SHARE > SHARE wave 3 Longitudinal Wave General Information Title SHARE wave 3 Abstract Austria, Germany, Sweden, Netherlands, Spain, Italy, France, Denmark, Greece, Switzerland, Belgium, Czech Republic, Poland, Ireland Longitudinal Type Longitudinal Wave Note 2008/2009 Publisher SBI Copyright &copy; 2025 SHARE-ERIC Funding Organizations See link Questions AC - Accommodation CS - Childhood FQ - Wave 3 Forward Questions FS - Financial GL - General Life HC - Health care HS - Health IV - Interviewer LS - End Questions RC - Children RE - Work History RP - Part"
SHARE/官方材料/documentation/2026-09-14/SHARE wave 4/Cross Wave Comparison__477.zip [实际为XLSX],材料/SHARE/官方材料/documentation/2026-09-14/SHARE wave 1/Cross Wave Comparison__479.xlsx,d77ff12e0e565ac9df76078af6639ea1d205dd503be02728adc2c57858d2b75c,241923,True,XLSX工作簿结构可读,," 
             'crosswave comparision'!$A$1:$U$985  notes!$F$2:$M$2    "
SHARE/官方材料/documentation/2026-09-14/SHARE wave 4/Generic - CAPI Main Questionnaire__386.pdf,材料/SHARE/官方材料/documentation/2026-09-14/SHARE wave 4/Generic - CAPI Main Questionnaire__386.pdf,149e8bdabd4b8990d8d6b111118bb99aff29b2512a7757d1f580155c00b4eb41,405471,False,PDF可打开；首页可提取文本,130,"IF (DN IN Test) OR (ALL IN Test) LOOP IF (MN027_CVResp = 1) OR (MN101_Longitudinal = 0) ELSE ENDIF LOOP DN001_Intro Let me just repeat that this interview is voluntary and confidential. Your answers will be used only for research purposes. If we should come to any question you don't want to answer, just let me know and I will go on to the next question. Now I would like to begin by asking some questions about your background. 1. Continue DN001a_Intro Let me just repeat that this interview is voluntary and confidential. Your answers will be used only for research purposes. If we should come to any question you don't want to answer, just let me"
SHARE/官方材料/documentation/2026-09-14/SHARE wave 4/Generic - Coverscreen baseline__382.pdf,材料/SHARE/官方材料/documentation/2026-09-14/SHARE wave 4/Generic - Coverscreen baseline__382.pdf,16a3ea89582bf1f62efcbc708fe9f483abf8e7cefbc52aad0dc199cc480f3870,22780,False,PDF可打开；首页可提取文本,5,"Share wave 4: 50+ in Europe - Coverscreenwizard version 4.8.6 IF SKIP_INTROPagina = 0 ENDIF CoverscreenWizardNursingHomePagina IWER: Is this interview held in a private household or in a nursing home? A nursing home provides all of the following services for its residents: dispensing of medication, available 24-hour personal assistance and supervision (not necessarily a nurse), and room & meals. 1. Private household 2. Nursing home During our previous interview we asked about the household. To shorten our interview today, I would like to refer to previous answers instead of asking everything again. Would that be ok? 1 Yes 2 No CoverscreenWiza"
SHARE/官方材料/documentation/2026-09-14/SHARE wave 4/Generic - Coverscreen longitudinal__383.pdf,材料/SHARE/官方材料/documentation/2026-09-14/SHARE wave 4/Generic - Coverscreen longitudinal__383.pdf,a4db20326acd38e6e47457f3b7e1d4ac7e1899914bcccdcebfe28f95dec7e89c,23363,False,PDF可打开；首页可提取文本,6,"Share wave 4: 50+ in Europe - Coverscreenwizard version 4.8.6 IF SKIP_INTROPage = 0 ENDIF CoverscreenWizardNursingHomePage IWER: Is this interview held in a private household or in a nursing home? A nursing home provides all of the following services for its residents: dispensing of medication, available 24-hour personal assistance and supervision (not necessarily a nurse), and room & meals. 1. Private household 2. Nursing home During our previous interview we asked about the household. To shorten our interview today, I would like to refer to previous answers instead of asking everything again. Would that be ok? 1 Yes 2 No CoverscreenWizardIn"
SHARE/官方材料/documentation/2026-09-14/SHARE wave 4/Generic - Drop-off Questionnaire__384.pdf,材料/SHARE/官方材料/documentation/2026-09-14/SHARE wave 4/Generic - Drop-off Questionnaire__384.pdf,480ab12b618d97bb0b32e2b3c22b55d82ceab9e7fe1dcdf182ccc8f6a2374029,94506,False,PDF可打开；首页可提取文本,7,"1 Serial Number: Respondent ID First Name/Initials - - Interview Date: Interviewer ID: _________________ ""50+ in Europe"" The Survey of Health, Ageing and Retirement in Europe 2010/11 Self-Administered Questionnaire Agency Logo Mailing Address and telephone number of survey agency 2 How to FILL IN this questionnaire Most of the questions on the following pages can be answered by simply checking the box below or alongside the answer that applies to you. Please check ONE (1) box: Correct or Incorrect Please proceed question by question. Skip questions only if there is an explicit instruction to do so. Example: Do you have children? 1 Yes 5 No "
SHARE/官方材料/documentation/2026-09-14/SHARE wave 4/Generic - End of life questionnaire__385.pdf,材料/SHARE/官方材料/documentation/2026-09-14/SHARE wave 4/Generic - End of life questionnaire__385.pdf,731125c4c631b64c67a5b01e8b8cff137047f142388a7320d1b21c96bd65ae72,70099,False,PDF可打开；首页可提取文本,24,"Routing file:///R|/...e/___upload_questionnaires/SHAREWave4_paperversions-2013-01-18/generic%20(English)/paperversions/SHAREw4_XT.htm[20.08.2014 11:28:43] IF XT002_Relation = a7 ENDIF IF XT002_Relation = a8 ENDIF IF XT002_Relation <> a1 XT104_SexDec IWER: Note sex of decedent (ask if unsure) 1. Male 2. Female XT001_Intro ['' + piCV004_Name] has participated in the 50+ in Europe study before [his/her] death. [His/Her] contribution was very valuable. We would find it extremely helpful to have some information about the final year of ['' + piCV004_Name]'s life. All the information collected is strictly confidential, and will be held anonymously."
SHARE/官方材料/documentation/2026-09-14/SHARE wave 4/Generic - Showcards__480.pdf,材料/SHARE/官方材料/documentation/2026-09-14/SHARE wave 4/Generic - Showcards__480.pdf,42cddb555eefe8cad29fdc787f6d7500ca4bb15b49621c8f69902e01ce648591,46447,False,PDF可打开；首页可提取文本,36,CARD 1 1. Spouse 2. Partner 3. Child 4. Child-in-law 5. Parent 6. Parent-in-law 7. Sibling 8. Grand-child 9. Other relative (specify) 10. Other non-relative (specify) 11. Ex-spouse/Ex-partner CARD 2 1. Comprehensive school 2. Grammar school (not fee-paying) 3. Fee-paying grammar school 4. Sixth form College/Tertiary College 5. Public or other private school 6. Elementary school 7. Secondary modern/secondary school 8. Technical school (not college) 95. No degree yet/still in school 96. None 97. Other type (also abroad) 
SHARE/官方材料/documentation/2026-09-14/SHARE wave 4/Scales Manual__887.pdf,材料/SHARE/官方材料/documentation/2026-09-14/SHARE wave 1/Scales Manual__881.pdf,b3e842e12a14fb760fa938891a1d6273f1d87be75f36061483c218a2d39eeed4,584497,True,PDF可打开；首页可提取文本,38," Scales and Multi-Item Indicators Tabea Mehrbrodt Stefan Gruber Melanie Wagner April 1st, 2019 2 Table of Contents I. Mental health measures ...................................................................................................... 3 1. EURO-D .......................................................................................................................... 3 2. CASP-12 .......................................................................................................................... 5 3. Three-Item Loneliness Scale ........................................................................................... 7 4. Multi"
SHARE/官方材料/documentation/2026-09-14/SHARE wave 4/SHARE Compliance Profiles - Wave 4__394.pdf,材料/SHARE/官方材料/documentation/2026-09-14/SHARE wave 4/SHARE Compliance Profiles - Wave 4__394.pdf,8aa7548bd029ad57ac037e7aa0c28de808c74a6b9daf344be3b15c09168f4251,551523,False,PDF可打开；首页可提取文本,20,"SHARE Compliance Profiles - Wave 4 Frederic Malter, PhD; Axel Börsch-Supan, PhD Suggested citation: Malter, F.; Börsch-Supan, A.; (2013). SHARE Compliance Profiles – Wave 4. Munich: MEA, Max Planck Institute for Social Law and Social Policy. © Munich Center for the Economics of Aging, 2013 (last update: 8 April 2013) 2 SHARE Compliance Profiles – Wave 4 Content 1. Executive Summary ................................................................................................................................................................................................................ 3 2. Introduction ......................................"
SHARE/官方材料/documentation/2026-09-14/SHARE wave 4/SHARE Wave 4_ Innovations & Methodology__395.pdf,材料/SHARE/官方材料/documentation/2026-09-14/SHARE wave 4/SHARE Wave 4_ Innovations & Methodology__395.pdf,c46f68685ee97cbf2863f35daebbd3f7556f1d95f158e73e0efb00416ff70ef4,4207411,False,PDF可打开；首页可提取文本,79,"1 SHARE Wave 4 Innovations & Methodology Edited by: Frederic Malter Axel Börsch-Supan Authors: Liili Abduladze Eric Balster Axel Börsch-Supan Christin Czaplicki Marcel Das Giuseppe De Luca Alice Delerue Matos Róbert Gál Matthias Ganninger Sabine Häder Gábor Kézdi Thorsten Kneip Julie Korbmacher Markus Kotte Ulrich Krieger Vladimir Lavrač Howard Litwin Peter Lynn Boris Majcen Frederic Malter Maurice Martens Saša Mašič Pedro Pita Barros Anat Roll Luule Sakkaeus Barbara Schaan Sharon Shiovitz-Ezra Kim Stoeckel Arnaud Wijnant January 2013 2 3 Contents 1 SHARE Wave Four: New Countries, New Content, New Legal and Financial Framework Axel Börsch-Sup"
SHARE/官方材料/documentation/2026-09-14/SHARE wave 4/SHARE_release_guide_7-0-0__885.pdf,材料/SHARE/官方材料/documentation/2026-09-14/SHARE wave 1/SHARE_release_guide_7-0-0__875.pdf,89e4361f5e0d0a9ef872de3b5cd23ea89c52207d3ea40c4483697ce4ee36ecd7,1145256,True,PDF可打开；首页可提取文本,91,"1 Release Guide 7.0.0 April 3rd , 2019 2 Table of Contents 1 Sources of Information ............................................................................................................ 5 2 SHARE Data Releases ............................................................................................................... 6 3 New in SHARE Wave 7 ............................................................................................................. 6 4 Additional Files ........................................................................................................................ 7 4.1 easySHARE ............................."
SHARE/官方材料/documentation/2026-09-14/SHARE wave 4/source_page.html,材料/SHARE/官方材料/documentation/2026-09-14/SHARE wave 4/source_page.html,5119b09da71ecadcc5a4457958ca680133df11c450269769554afe62e77821d8,23423,False,文本已抽取；编码需按原文核对,," Data Archive | StudyUnits Data &amp; Documentation Tool Home Studies SHARE SHARE wave 4 SHARE > SHARE wave 4 Longitudinal Wave General Information Title SHARE wave 4 Abstract Austria, Germany, Sweden, Netherlands, Spain, Italy, France, Denmark, Switzerland, Belgium, Israel, Czech Republic, Poland, Portugal, Estonia, Hungary, Slovenia Longitudinal Type Longitudinal Wave Note 2011/2012 Publisher SBI Copyright &copy; 2025 SHARE-ERIC Funding Organizations See link Questions AC - Activities AS - Assets BI - Biomarker BR - Behavioral risk CF - Cognitive function CH - Children CO - Consumption DN1 - Demographics and networks DN2 - Demographics and "
SHARE/官方材料/documentation/2026-09-14/SHARE wave 5/Cross Wave Comparison__476.zip [实际为XLSX],材料/SHARE/官方材料/documentation/2026-09-14/SHARE wave 1/Cross Wave Comparison__479.xlsx,d77ff12e0e565ac9df76078af6639ea1d205dd503be02728adc2c57858d2b75c,241923,True,XLSX工作簿结构可读,," 
             'crosswave comparision'!$A$1:$U$985  notes!$F$2:$M$2    "
SHARE/官方材料/documentation/2026-09-14/SHARE wave 5/Generic - CAPI Coverscreen__413.pdf,材料/SHARE/官方材料/documentation/2026-09-14/SHARE wave 5/Generic - CAPI Coverscreen__413.pdf,481baf6f0c5510db76eb3db7f8af76ed0c4f63efd993d9db9892b800960bfbbc,239444,False,PDF可打开；首页可提取文本,9,Share wave 5: 50+ in Europe - Coverscreenwizard version 5.4.2 IF SKIP_INTROPAGE = 0 | CoverscreenWizardIntroPage | The CoverScreen Wizard will guide you through the steps needed to update the information we | | | have about a household. | | Please read the question text aloud to the respondent. | | Text in bold starting with 'IWER:' gives you extra information to clarify the question. It can also | | | provide hints in case you do not understand the meaning of a question. | | Press the 'Next' button to start the wizard. | 1. Continue | [{checkbox}]Skip this intro next time ENDIF CoverscreenWizardNursingHomePage IWER: Does the eligible respond
SHARE/官方材料/documentation/2026-09-14/SHARE wave 5/Generic - CAPI main questionnaire__443.pdf,材料/SHARE/官方材料/documentation/2026-09-14/SHARE wave 5/Generic - CAPI main questionnaire__443.pdf,c657ccd69827daacf92c445530c9efe48bd8f10a86f7ac0a2f15cdb641f1989e,1313188,False,PDF可打开；首页可提取文本,111,"IF MN021_Version = EMPTYENDIF IF MN001_Country = EMPTYENDIF IF MN011_StartTime = EMPTYENDIF IF MN020_RandomEX023 = EMPTYENDIF IF LANGSET = EMPTY OR (LANGSET = 0)ENDIF LOOP ENDLOOP IF (DN IN Test) OR (ALL IN Test) IF piMode = a1ELSE ENDIF IF piMode = a2 ELSE ENDIF IF piLongitudinal = 0ELSEENDIF CM003_RespFin Later in this interview, we will be asking questions about household and family finances, for example about your savings for old-age and financial support to children and other relatives. We only need to ask these questions of one of you. Which of you would be the one most able to answer questions about your finances? IWER: Code one only f"
SHARE/官方材料/documentation/2026-09-14/SHARE wave 5/Generic - Showcards__459.pdf,材料/SHARE/官方材料/documentation/2026-09-14/SHARE wave 5/Generic - Showcards__459.pdf,1393536668ef0a6a1149bbccb120e4a0c3b3ae2022d8362407be35068e999f7a,49439,False,PDF可打开；首页可提取文本,45,"1 1. Spouse 2. Partner 3. Child 4. Child-in-law 5. Parent 6. Parent-in-law 7. Sibling 8. Grand-child 9. Other relative (specify) 10. Other non-relative (specify) 11. Ex-spouse/Ex-partner SHAREw5 - English (Generic) file:///R:/Development/wave5/CAPI_wave5/Showcards/2012_09_17_... 1 von 45 26.09.2013 14:48 2 1. No schooling/education at all 2. Some education, but less than [instead of put respective country specific degr.] 3. Country specific category 4. Country specific category 5. Country specific category 6. Country specific category 7. Country specific category 8. Country specific category 9. Country specific category 10. Leaving certificat"
SHARE/官方材料/documentation/2026-09-14/SHARE wave 5/Scales Manual__891.pdf,材料/SHARE/官方材料/documentation/2026-09-14/SHARE wave 1/Scales Manual__881.pdf,b3e842e12a14fb760fa938891a1d6273f1d87be75f36061483c218a2d39eeed4,584497,True,PDF可打开；首页可提取文本,38," Scales and Multi-Item Indicators Tabea Mehrbrodt Stefan Gruber Melanie Wagner April 1st, 2019 2 Table of Contents I. Mental health measures ...................................................................................................... 3 1. EURO-D .......................................................................................................................... 3 2. CASP-12 .......................................................................................................................... 5 3. Three-Item Loneliness Scale ........................................................................................... 7 4. Multi"
SHARE/官方材料/documentation/2026-09-14/SHARE wave 5/SHARE Compliance Profiles - Wave 5__397.pdf,材料/SHARE/官方材料/documentation/2026-09-14/SHARE wave 5/SHARE Compliance Profiles - Wave 5__397.pdf,3bd8de1197ef1d1e97a6117afc0d65beaf4ea56062f4f027b84ffd28d051d575,399277,False,PDF可打开；首页可提取文本,10,"SHARE Compliance Profiles – Wave 5 Frederic Malter, PhD; Axel Börsch-Supan, PhD Content Executive Summary .................................................................................................................................................................................. 2 1. Introduction ...................................................................................................................................................................................... 3 2. Input ........................................................................................................................................................."
SHARE/官方材料/documentation/2026-09-14/SHARE wave 5/SHARE Wave 5_ Innovations & Methodology__398.pdf,材料/SHARE/官方材料/documentation/2026-09-14/SHARE wave 5/SHARE Wave 5_ Innovations & Methodology__398.pdf,a15edcea4c1b0f495a4be57cd2d7c6d357a815069540f588a3ff1b624a0d432e,4006838,False,PDF可打开；首页可提取文本,180,Edited by: Frederic Malter Axel Börsch-Supan SHARE Wave 5: Innovations & Methodology 
SHARE/官方材料/documentation/2026-09-14/SHARE wave 5/SHARE_release_guide_7-0-0__889.pdf,材料/SHARE/官方材料/documentation/2026-09-14/SHARE wave 1/SHARE_release_guide_7-0-0__875.pdf,89e4361f5e0d0a9ef872de3b5cd23ea89c52207d3ea40c4483697ce4ee36ecd7,1145256,True,PDF可打开；首页可提取文本,91,"1 Release Guide 7.0.0 April 3rd , 2019 2 Table of Contents 1 Sources of Information ............................................................................................................ 5 2 SHARE Data Releases ............................................................................................................... 6 3 New in SHARE Wave 7 ............................................................................................................. 6 4 Additional Files ........................................................................................................................ 7 4.1 easySHARE ............................."
SHARE/官方材料/documentation/2026-09-14/SHARE wave 5/source_page.html,材料/SHARE/官方材料/documentation/2026-09-14/SHARE wave 5/source_page.html,34ad02055d4e4832263bcb9bad5d7470741eac5eaacbadd28aaf802ba9062d0a,22413,False,文本已抽取；编码需按原文核对,," Data Archive | StudyUnits Data &amp; Documentation Tool Home Studies SHARE SHARE wave 5 SHARE > SHARE wave 5 Longitudinal Wave General Information Title SHARE wave 5 Abstract Austria, Germany, Sweden, Netherlands, Spain, Italy, France, Denmark, Switzerland, Belgium, Israel, Czech Republic, Estonia, Luxembourg, Slovenia Longitudinal Type Longitudinal Wave Note 2013 Publisher SBI Copyright &copy; 2025 SHARE-ERIC Funding Organizations See link Questions AC - Activities AS - Assets BR - Behavioral risk CF - Cognitive function CH - Children CO - Consumption CS - Chair Stand DN1 - Demographics and networks DN2 - Demographics and networks EP - Empl"
SHARE/官方材料/documentation/2026-09-14/SHARE wave 6/Generic - CAPI Coverscreen__551.pdf,材料/SHARE/官方材料/documentation/2026-09-14/SHARE wave 6/Generic - CAPI Coverscreen__551.pdf,23951c9eabd0aed5ed57bb60d6dd7da11e3995880935ed61cbb79973b8480c76,24417,False,PDF可打开；首页可提取文本,6,"1 Coverscreen SC001_intro The CoverScreen Wizard will guide you through the steps needed to update the information we have about a household.[br][br]Please read the question text aloud to the respondent.[br][br]Text in bold starting with 'IWER:' gives you extra information to clarify the question. It can also provide hints in case you do not understand the meaning of a question.[br][br]Press the 'Next' button to start the wizard. SC002_prvtnrs IWER: IWER: Does the eligible respondent live in a private household or in a nursing home?[br]A nursing home provides all of the following services for its residents: dispensing of medication, available"
SHARE/官方材料/documentation/2026-09-14/SHARE wave 6/Generic - CAPI main questionnaire__549.pdf,材料/SHARE/官方材料/documentation/2026-09-14/SHARE wave 6/Generic - CAPI main questionnaire__549.pdf,fb7f7c29545546a1d3d5dfa1fa21037c3657bbc027e8ca3073e357506ecff540,1103272,False,PDF可打开；首页可提取文本,342,System preset value SampID System preset value RespID System preset value index System preset value MN101_Longitudinal BLOCK System preset value InterviewMonth_Last System preset value InterviewYear_Last System preset value InterviewMonth_Regular System preset value InterviewYear_Regular System preset value SNInterviewMonth System preset value SNInterviewYear System preset value PRELOAD_WAVE1_COMPLETED System preset value PRELOAD_WAVE2_COMPLETED System preset value PRELOAD_WAVE3_COMPLETED System preset value PRELOAD_WAVE4_COMPLETED System preset value PRELOAD_WAVE5_COMPLETED System preset value PRELOAD_DN007_CitizenshipCountry LOOP := 1 TO 2 
SHARE/官方材料/documentation/2026-09-14/SHARE wave 6/Generic - Showcards__550.pdf,材料/SHARE/官方材料/documentation/2026-09-14/SHARE wave 6/Generic - Showcards__550.pdf,1eac40194d2740c49e63c165c5c3ae1beaf63d71d2789ab9344908fce149b170,179631,False,PDF可打开；首页可提取文本,42, Version: Wave 6 Main TTT Showcards (SHARE – „50+ in Europe“) Card 1 1. Spouse 2. Partner 3. Child 4. Child-in-law 5. Parent 6. Parent-in-law 7. Sibling 8. Grand-child 9. Other relative (specify) 10. Other non-relative (specify) 11. Ex-spouse/Ex-partner 
SHARE/官方材料/documentation/2026-09-14/SHARE wave 6/Scales Manual__893.pdf,材料/SHARE/官方材料/documentation/2026-09-14/SHARE wave 1/Scales Manual__881.pdf,b3e842e12a14fb760fa938891a1d6273f1d87be75f36061483c218a2d39eeed4,584497,True,PDF可打开；首页可提取文本,38," Scales and Multi-Item Indicators Tabea Mehrbrodt Stefan Gruber Melanie Wagner April 1st, 2019 2 Table of Contents I. Mental health measures ...................................................................................................... 3 1. EURO-D .......................................................................................................................... 3 2. CASP-12 .......................................................................................................................... 5 3. Three-Item Loneliness Scale ........................................................................................... 7 4. Multi"
SHARE/官方材料/documentation/2026-09-14/SHARE wave 6/SHARE Compliance Profiles - Wave 6__665.pdf,材料/SHARE/官方材料/documentation/2026-09-14/SHARE wave 6/SHARE Compliance Profiles - Wave 6__665.pdf,ba477b107f1388220133db5b491e3df98a83c2d4f8c927686d2b0b0e1726963a,497280,False,PDF可打开；首页可提取文本,11,"SHARE Compliance Profiles – Wave 6 Frederic Malter, PhD; Karin Schuller, Axel Börsch-Supan, PhD Content Executive Summary .......................................................................................................................................... 2 1. Introduction ............................................................................................................................................ 3 2. Input ........................................................................................................................................................ 4 3. SHARE Survey Agencies ......................................."
SHARE/官方材料/documentation/2026-09-14/SHARE wave 6/SHARE_release_guide_7-0-0__895.pdf,材料/SHARE/官方材料/documentation/2026-09-14/SHARE wave 1/SHARE_release_guide_7-0-0__875.pdf,89e4361f5e0d0a9ef872de3b5cd23ea89c52207d3ea40c4483697ce4ee36ecd7,1145256,True,PDF可打开；首页可提取文本,91,"1 Release Guide 7.0.0 April 3rd , 2019 2 Table of Contents 1 Sources of Information ............................................................................................................ 5 2 SHARE Data Releases ............................................................................................................... 6 3 New in SHARE Wave 7 ............................................................................................................. 6 4 Additional Files ........................................................................................................................ 7 4.1 easySHARE ............................."
SHARE/官方材料/documentation/2026-09-14/SHARE wave 6/source_page.html,材料/SHARE/官方材料/documentation/2026-09-14/SHARE wave 6/source_page.html,d10ae34cdd775dc52da8cc2f282ce5f37ab39fad36d803bbf2d5462d4cbb3ea6,21840,False,文本已抽取；编码需按原文核对,," Data Archive | StudyUnits Data &amp; Documentation Tool Home Studies SHARE SHARE wave 6 SHARE > SHARE wave 6 Longitudinal Wave General Information Title SHARE wave 6 Abstract Austria, Germany, Sweden, Spain, Italy, France, Denmark, Switzerland, Belgium, Israel, Czech Republic, Estonia, Luxembourg, Slovenia, Croatia, Greece, Poland, Portugal Longitudinal Type Longitudinal Wave Publisher SBI Copyright &copy; 2025 SHARE-ERIC Funding Organizations See link Questions AC - Accommodation AS - Assets BR - Behavioral risk BS - Blood spots CF - Cognitive function CH - Children CO - Consumption DN - Demographics and networks EP - Employment and pension"
SHARE/官方材料/documentation/2026-09-14/SHARE wave 7/Generic - CAPI main questionnaire__669.pdf,材料/SHARE/官方材料/documentation/2026-09-14/SHARE wave 7/Generic - CAPI main questionnaire__669.pdf,bcb6006e247e8a7f3374255325e7cb64710af14d78e5b6e65f230bfd7d60b6ce,981235,False,PDF可打开；首页可提取文本,311,System preset value SampID System preset value RespID System preset value index System preset value FirstResp BLOCK System preset value InterviewMonth_Last System preset value InterviewYear_Last System preset value InterviewMonth_Regular System preset value InterviewYear_Regular System preset value SNInterviewMonth System preset value SNInterviewYear System preset value PRELOAD_WAVE1_COMPLETED System preset value PRELOAD_WAVE2_COMPLETED System preset value PRELOAD_WAVE3_COMPLETED System preset value PRELOAD_WAVE4_COMPLETED System preset value PRELOAD_WAVE5_COMPLETED System preset value PRELOAD_WAVE6_COMPLETED System preset value W1_CV948_HHSi
SHARE/官方材料/documentation/2026-09-14/SHARE wave 7/Generic - Showcards__671.pdf,材料/SHARE/官方材料/documentation/2026-09-14/SHARE wave 7/Generic - Showcards__671.pdf,1e37fed045f2b640a567e7365da7e0820068a5a6ee0ef9e17a2e1174555dde4e,228133,False,PDF可打开；首页可提取文本,62, Version: Wave 7 Main Field Old Countries TTT (7.4.3) Showcards (SHARE – „50+ in Europe“) 1 Spouse Partner Child Child-in-law Parent Parent-in-law Sibling Grand-child Other relative (specify) Other non-relative (specify) Ex-spouse/Ex-partner 
SHARE/官方材料/documentation/2026-09-14/SHARE wave 7/Scales Manual__897.pdf,材料/SHARE/官方材料/documentation/2026-09-14/SHARE wave 1/Scales Manual__881.pdf,b3e842e12a14fb760fa938891a1d6273f1d87be75f36061483c218a2d39eeed4,584497,True,PDF可打开；首页可提取文本,38," Scales and Multi-Item Indicators Tabea Mehrbrodt Stefan Gruber Melanie Wagner April 1st, 2019 2 Table of Contents I. Mental health measures ...................................................................................................... 3 1. EURO-D .......................................................................................................................... 3 2. CASP-12 .......................................................................................................................... 5 3. Three-Item Loneliness Scale ........................................................................................... 7 4. Multi"
SHARE/官方材料/documentation/2026-09-14/SHARE wave 7/SHARE_release_guide_7-1-0__899.pdf,材料/SHARE/官方材料/documentation/2026-09-14/SHARE wave 7/SHARE_release_guide_7-1-0__899.pdf,fb581233cd2920e831c7766054c9728f4a10e689424828a1313c5e05f0e528ac,1176080,False,PDF可打开；首页可提取文本,92,"1 Release Guide 7.1.0 June 26, 2020 2 Table of Contents 1 Sources of Information ............................................................................................................ 5 2 SHARE Data Releases ............................................................................................................... 6 3 New in SHARE Wave 7 ............................................................................................................. 6 4 Additional Files ........................................................................................................................ 7 4.1 easySHARE ................................"
SHARE/官方材料/documentation/2026-09-14/SHARE wave 7/source_page.html,材料/SHARE/官方材料/documentation/2026-09-14/SHARE wave 7/source_page.html,e09c90caf08246f428b60368bc0e9f6b077651c60ff2825c421072a07fb90c4c,28012,False,文本已抽取；编码需按原文核对,, Data Archive | StudyUnits Data &amp; Documentation Tool Home Studies SHARE SHARE wave 7 SHARE > SHARE wave 7 Longitudinal Wave General Information Title SHARE wave 7 Longitudinal Type Longitudinal Wave Publisher SBI Copyright &copy; 2025 SHARE-ERIC Funding Organizations See link Questions AC - Activities AS - Assets BR - Behavioral risk CC - Childhood Circumstances CF - Cognitive function CH - Children CO - Consumption DN - Demographics and networks DQ - Disability EP - Employment and pensions EX - Expectations FS - Financial Section FT - Financial transfers GL - General Life GS - Gripstrength HC - Health care HH - Household income HO - Hous
SHARE/官方材料/documentation/2026-09-14/SHARE wave 8/Coverscreen Wave 8__983.pdf,材料/SHARE/官方材料/documentation/2026-09-14/SHARE wave 8/Coverscreen Wave 8__983.pdf,ab7b191216ecf60d67f2877d967858fe3d8d1569bf29718e40af0b9923a91a57,257873,False,PDF可打开；首页可提取文本,5,"SHARE W8 Coverscreen (CV) Description: Before conducting an individual interview in SHARE, a Coverscreen (CV) interview needs to be completed. The Coverscreen interview is a short questionnaire answered by one person living in the household (CV respondent) or not living in the household (CV proxy). The person provides information about the household type (private vs. nursing home), the household composition and the demographic characteristics of the household members. Furthermore, the CV respondent or CV proxy indicates the relationship between the household members to each other and whether the household moved to another address since the la"
SHARE/官方材料/documentation/2026-09-14/SHARE wave 8/Routing - English Generic__981.pdf,材料/SHARE/官方材料/documentation/2026-09-14/SHARE wave 8/Routing - English Generic__981.pdf,2749dde0b84c463746310581f21e8a19f276099bb7e30383bc93b025d6d79052,1506444,False,PDF可打开；首页可提取文本,128,"Expand All IF (SampID = FirstTime) ELSE SuccesfullyInstalled The questionnaire was succesfully installed and initialized. Please close the interview.; <button> 1. Continue IF ((XT_Active = Empty OR (XT_Active = 0)) DN801_Intro (INTRO DEMOGRAPHICS) Some time ago we sent you an invitation letter which also included a data protection statement. I will now give you this statement again and will be pleased to answer any question that you may have. Let me stress that participating in this interview is voluntary and that the information is kept confidential. Your answers will be used only for research purposes in different analyses, without the indi"
SHARE/官方材料/documentation/2026-09-14/SHARE wave 8/SHARE_release_guide_8-0-0__1204.pdf,材料/SHARE/官方材料/documentation/2026-09-14/SHARE wave 8/SHARE_release_guide_8-0-0__1204.pdf,91ae543b963f93bc4181cc5d9ee5b116494e6988538641e229cfdd78fd768525,4625476,False,PDF可打开；首页可提取文本,102,"1 Release Guide 8.0.0 February 10, 2022 2 Table of Contents 1 Sources of Information ............................................................................................................ 5 2 SHARE Data Releases ............................................................................................................... 6 3 New in Release 8.0.0 ............................................................................................................... 6 4 Additional Files ........................................................................................................................ 6 4.1 SHARE Corona Survey ..............."
SHARE/官方材料/documentation/2026-09-14/SHARE wave 8/Showcards__985.pdf,材料/SHARE/官方材料/documentation/2026-09-14/SHARE wave 8/Showcards__985.pdf,493e4037a7196a88f80c1d6c4da45c5175492a1f19950ec681484fb241079944,331249,False,PDF可打开；首页可提取文本,47,"Showcard 1 1. No schooling/education at all 2. Some education, but less than ‹ISCED 1› [instead of ‹ISCED 1› put respective country specific degr.] 3. Country specific category 4. Country specific category 5. Country specific category 6. Country specific category 7. Country specific category 8. Country specific category 9. Country specific category 10. Country specific category 11. Country specific category 12. Country specific category 13. Country specific category 14. Country specific category 15. Country specific category 16. Country specific category 17. Country specific category 18. Country specific category 19. Country specific category"
SHARE/官方材料/documentation/2026-09-14/SHARE wave 8/source_page.html,材料/SHARE/官方材料/documentation/2026-09-14/SHARE wave 8/source_page.html,ec28e17ff3b3e89a9b8fd35d8e16300e684acfc3138cd91eb45d4af323ceefd1,17271,False,文本已抽取；编码需按原文核对,, Data Archive | StudyUnits Data &amp; Documentation Tool Home Studies SHARE SHARE wave 8 SHARE > SHARE wave 8 Longitudinal Wave General Information Title SHARE wave 8 Longitudinal Type Longitudinal Wave Publisher SBI Copyright &copy; 2025 SHARE-ERIC Funding Organizations See link Questions AC - Activities AS - Assets AX - Activity BR - Behavioral risk CF - Cognitive function CH - Children CO - Consumption DN - Demographics and networks EP - Employment and pensions EX - Expectations FT - Financial transfers GS - Gripstrength HC - Health care HH - Household income HO - Housing IT - Computer Use IV - Interviewer LI - Linking MH - Mental health P
SHARE/官方材料/documentation/2026-09-14/SHARE wave 9/Coverscreen Wave 9__1242.pdf,材料/SHARE/官方材料/documentation/2026-09-14/SHARE wave 9/Coverscreen Wave 9__1242.pdf,57a63468dbcfed4acf137295fd010acc225dbaa05b9948666b9400abcc119990,840270,False,PDF可打开；首页可提取文本,6,"SHARE W9 Coverscreen (CV) Description: Before conducting an individual interview in SHARE, a Coverscreen (CV) interview needs to be completed. The Coverscreen interview is a short questionnaire answered by one person living in the household (CV respondent) or not living in the household (CV proxy). The person provides information about the household type (private vs. nursing home), the household composition and the demographic characteristics of the household members. Furthermore, the CV respondent or CV proxy indicates the relationship between the household members to each other and whether the household moved to another address since the la"
SHARE/官方材料/documentation/2026-09-14/SHARE wave 9/Routing - English Generic__1241.pdf,材料/SHARE/官方材料/documentation/2026-09-14/SHARE wave 9/Routing - English Generic__1241.pdf,553f75d27767631f42b9d3655aea9dca71f5d77052e4f6b7db7244db03a533d1,705698,False,PDF可打开；首页可提取文本,140,file:///H/Notizen/paperversion_en_GB_9_2_2a.html[30.05.2023 12:23:48] Expand All IF (SampID = FirstTime) ELSE SuccesfullyInstalled The questionnaire was succesfully installed and initialized. Please close the interview.; <button> 1. Continue IF ((XT_Active = Empty OR (XT_Active = 0)) DN801_Intro (INTRO DEMOGRAPHICS) Some time ago we sent you an invitation letter which also included a data protection statement. I will now give you this statement again and will be pleased to answer any question that you may have. Let me stress that participating in this interview is voluntary and that the information is kept confidential. Your answers will be u
SHARE/官方材料/documentation/2026-09-14/SHARE wave 9/Showcards__1243.pdf,材料/SHARE/官方材料/documentation/2026-09-14/SHARE wave 9/Showcards__1243.pdf,2db48bca42065c0d61675a6b7c1fa162e8b1830ed22ab19fa6589c814ec28cac,150233,False,PDF可打开；首页可提取文本,47,"Showcard 1 1. No schooling/education at all 2. Some education, but less than ‹ISCED 1› [instead of ‹ISCED 1› put respective country specific degr.] 3. Country specific category 4. Country specific category 5. Country specific category 6. Country specific category 7. Country specific category 8. Country specific category 9. Country specific category 10. Country specific category 11. Country specific category 12. Country specific category 13. Country specific category 14. Country specific category 15. Country specific category 16. Country specific category 17. Country specific category 18. Country specific category 19. Country specific category"
SHARE/官方材料/documentation/2026-09-14/SHARE wave 9/source_page.html,材料/SHARE/官方材料/documentation/2026-09-14/SHARE wave 9/source_page.html,cbe889c7e7b35245ae5149a714917db13bf4c879196bd5d0c7cf37241c92eaec,17057,False,文本已抽取；编码需按原文核对,," Data Archive | StudyUnits Data &amp; Documentation Tool Home Studies SHARE SHARE wave 9 SHARE > SHARE wave 9 Longitudinal Wave General Information Title SHARE wave 9 Abstract Austria, Germany, Sweden, Netherlands, Spain, Italy, France, Denmark, Switzerland, Belgium, Israel, Czech Republic, Estonia, Luxembourg, Slovenia, Latvia, Finland, Portugal, Malta, Slovakia, Poland, Rumania, Bulgaria, Hungary, Cyprus, Greece Longitudinal Type Longitudinal Wave Publisher SBI Copyright &copy; 2025 SHARE-ERIC Funding Organizations See link Questions AC - Activities AS - Assets BR - Behavioral risk CF - Cognitive function CH - Children CO - Consumption DN -"
